fecha,SIM1,SIM2,SIM3,SIM4,SIM5,SIM6,SIM7,SIM8,SIM9,SIM10,SIM11,SIM12,SIM13,SIM14,SIM15,SIM16,SIM17,SIM18,SIM19,SIM20
2024-01-02,101.1794196848,100.2838240236,99.9765465587,99.3898866013,100.0974683502,99.2424262255,100.2144091689,99.7761342213,100.3595436795,99.8327484598,100.4254834829,100.9857832608,101.0344995953,101.1930882331,100.3670292411,100.4632955627,100.3762334930,99.9806237797,100.5440384057,100.3954354544
2024-01-03,102.6048228073,101.3050345672,100.8470916327,99.6781893962,99.5465295508,99.9353687719,100.7631203026,100.8744499190,100.3820629595,100.2664562605,101.4250962642,101.7506916015,101.1945922253,101.4594897179,100.8975594855,101.1487234342,100.4702659074,100.6668584998,100.9219958054,101.2237361316
2024-01-04,104.0939885246,102.2533778859,102.1351851318,100.2068691351,99.7279105419,100.9321072465,100.6693452367,101.3021916199,101.1078418370,101.5386063772,101.6130087612,103.1166288730,101.8041860568,102.5168925195,103.3884295804,102.6872207625,102.7213103507,102.1929757809,102.4531568957,102.2393981728
2024-01-05,103.0845081962,102.8278005516,102.5191677928,100.5887549710,100.0363791309,100.8081702759,101.1802220854,101.6431539107,101.0196796822,101.7520849589,101.3196346186,104.0093407476,102.3136798140,103.0714045532,103.6273670806,102.6573769928,102.9609903062,102.1244122245,103.7044788430,102.4760172998
2024-01-08,102.9768099286,102.5087883765,102.7705755563,100.6196353022,100.2580622996,100.4510073758,100.8560397538,101.0817069874,101.5228611518,101.5437281492,102.3617898685,104.3723071779,102.3132065840,103.0790642337,102.9900506998,103.4714574725,102.2274486263,103.0085379614,103.5014279647,102.3643458899
2024-01-09,103.6904283822,102.8902891175,103.5581923063,100.9928465858,101.1110809674,101.0224357493,101.2066458474,102.3901363172,102.0590289117,102.8348843472,104.2868209305,105.9031835449,104.0398553736,104.1812251893,103.8499150224,104.6715000230,103.2455478759,104.9009608714,104.5525448998,103.1487516307
2024-01-10,104.4511308510,102.3460617155,103.8880494165,101.4662161767,101.5517984513,100.6624316301,100.5193082948,101.9526241175,101.2590815623,102.4301678694,104.1548834106,105.5260622571,103.9457561332,104.5624194132,103.3623343418,104.2425423797,103.0933295838,104.0420516500,103.2314302422,103.0896611495
2024-01-11,104.9965205527,103.2684717531,104.9370689218,102.0414166311,103.1169201284,100.5433701261,100.9534158301,102.1490907040,101.0941583334,102.8159496948,105.3554871745,106.3687890971,103.7527470303,104.8303911497,104.3947919385,104.2921230548,104.1452151276,104.6354215735,103.7051855434,104.1711768967
2024-01-12,104.5412978840,103.4280031640,105.1320671113,101.9134789279,102.4880175415,100.3648640005,99.8767315163,102.1378390103,100.1321155575,101.5732739472,104.9244710263,106.7681145055,103.5271728837,104.2881773626,103.9264359348,103.3395662425,102.6532406233,103.9753538832,102.4912115487,104.1324349986
2024-01-15,104.7593541815,104.2719967746,105.1098915533,101.5330171140,102.2247394459,100.7197913687,99.6780180065,101.8687600566,100.2871431649,101.5931985492,105.0142371263,106.6123392354,104.1073350296,103.8094052894,104.1379578484,102.3602632537,103.1376280684,103.5446046004,102.3888020850,104.5201445738
2024-01-16,104.3402052198,103.1525328959,104.7134743287,102.8359266268,101.4299384781,100.2806554652,98.9422993016,101.0446077837,99.6143736566,101.0495425018,103.4491310077,106.8311838086,103.5454751747,103.3870860010,102.3720141331,101.0837225184,102.9811971955,103.1515697484,102.6015846024,103.0995999061
2024-01-17,104.9389651631,102.7101230334,105.1606037532,102.3780116735,101.5256443210,101.0358218585,98.8730102295,100.4824079505,100.2420049077,101.6818532225,104.3246554025,107.1604643990,103.8127638307,104.6084753215,102.6999115571,101.7452095056,102.9771002608,102.8529463436,102.4503982714,103.1648292057
2024-01-18,104.6252040636,102.0813791421,105.3628574111,103.2785181628,100.4399753567,100.7851838166,99.0116337469,101.0142001261,99.5985421017,101.0428987967,104.6848298373,106.5916848643,103.0124973797,104.5606476873,101.3040547346,101.7717292123,101.4197553205,103.5624167414,101.3917686309,103.7993176766
2024-01-19,105.0304782340,102.6698214220,106.5360300537,104.2792170887,101.1872017518,101.1797889324,99.7208605331,100.6716205498,100.7932824117,101.3248381333,106.9045153373,106.6298732080,103.2342339862,105.9362429081,103.1230327198,102.7520532003,102.7231405935,104.1727818405,103.1239878647,104.2369437477
2024-01-22,104.9956673454,101.4550142660,105.5539837634,104.0235317164,100.1484095549,101.1225420206,98.8596913670,99.9715320170,101.5612891359,101.4363949255,105.9930448576,106.4832101939,103.2102107467,104.3177816160,102.1085580227,102.3311697635,101.4020361585,103.6190570935,101.8852057639,102.8662722488
2024-01-23,105.0291220071,101.1766951053,104.3282483123,102.9801182936,100.0024700096,100.4479199518,97.7573441203,99.5526121896,100.5699833282,100.9115845675,105.0984272188,106.7588770858,103.1099198090,104.5584497587,101.0388275081,101.8883105667,101.4176841950,102.8128659293,101.4893692981,102.0587343476
2024-01-24,104.1815718703,100.7849691828,104.1193993035,102.2299616894,99.6373658053,99.9234760584,96.7761579664,98.0709165733,100.1519648846,100.5323196835,103.6026409673,105.6537598794,102.3153538671,103.5831997612,100.1926922747,102.0854802578,100.1516075364,101.9250599138,100.3631042029,101.1589218963
2024-01-25,104.7596284613,101.0558912165,104.7002859953,102.7328683503,100.0414301845,99.3104162668,96.5296151885,98.2151546798,99.2405084914,100.3667039411,103.6469898251,105.6028003921,103.0026185588,104.0019350846,100.5326184750,101.7510629674,100.4655835484,101.4798645289,101.6573403224,101.4864347092
2024-01-26,104.2851161799,100.6464665840,103.9363923306,103.2202157592,99.4617446357,98.1488625223,95.6200475484,96.9479834430,99.2523016483,99.0348171015,102.6151196140,104.7652592554,102.4736963487,103.7684627863,99.9181297487,101.0913514658,99.4911878563,100.0410554318,99.8601975970,100.0163989498
2024-01-29,105.0439376348,100.9795922197,104.8893296230,104.4909304967,100.0971978275,99.4602967000,97.1951294230,98.4822252236,99.9675601581,100.8801370477,104.0969443027,106.8058327290,103.7510758690,106.1029313603,101.2699665248,102.5649705686,100.5406812203,102.2850907303,101.3800954781,101.7818224622
2024-01-30,105.1352082692,99.9343802386,105.3938743901,103.8600609476,99.5952053888,98.6753871801,95.9768569700,97.9055045249,99.8020116371,98.7896323119,103.5247370455,105.9859028017,103.7394107401,105.0117996809,100.4931510026,101.3421178743,98.7525838693,100.8617214535,100.8830161291,100.1774864384
2024-01-31,105.1191806239,99.0584107332,105.0528709418,103.6076861130,98.4298125920,98.4661646953,95.5196827420,96.6795261497,99.1698304232,98.8306179660,102.3032404122,104.5738028413,102.9393579249,104.0803974744,99.3701885970,99.9426438178,98.2688448921,99.3095945934,99.6755040979,98.2480793016
2024-02-01,105.6290035815,99.3817270280,104.6809461732,104.6811079213,99.3364092787,98.6863467080,95.5677114203,95.8451601482,99.3060623964,98.1571275904,101.6186371096,104.8265470214,103.3144730197,104.0268443994,99.2491228106,100.3789794911,98.4837249698,99.2308225503,100.3364586988,97.6851859778
2024-02-02,104.7249746026,99.4007146930,104.4588757841,103.8930028420,98.5954825211,97.7857214147,95.5010097958,95.7592750156,98.4055190329,97.6613727465,100.7172049393,104.6710697744,103.0817899798,103.1270151696,98.9619519499,100.2743781248,99.0927646934,99.1858713730,99.7302437677,96.1318821680
2024-02-05,104.5185514951,99.0782896094,104.1140945803,103.6168727352,97.8561723544,96.6746364028,94.4463059816,95.3400177652,97.6144700139,96.3488420231,99.5440984639,103.9166074845,102.3744524278,102.1690618907,98.7609830180,99.5655429374,98.0425075464,98.2454132556,98.5341245399,95.5006516285
2024-02-06,105.5599152773,99.4507414633,104.9761082162,104.6044905033,98.5913899167,96.0296974115,95.1092317240,96.3864170202,97.8957008907,96.8526316321,100.0959318948,104.8047457962,103.0868702695,103.5095065312,99.3588662896,100.2939559528,99.1565513126,99.4572673904,100.5243537645,96.8372652400
2024-02-07,105.9155261607,99.6605448784,105.1480137145,105.0876503430,99.5678050932,96.4388031340,95.8837551478,96.9297501868,98.1532132815,96.4602910640,99.7740523070,105.6812149788,103.1385528115,105.3856257614,99.5264561592,101.3325811056,100.6195106642,100.1205859271,100.6560804964,97.0212104898
2024-02-08,105.5177545791,98.8893268415,106.3005514162,105.4628161752,100.2290648191,96.9579271453,95.6773722606,96.9352607865,99.0066860191,96.0253105203,100.0069165661,106.9382210301,102.7670166357,105.4995777062,100.0913111228,101.9151065765,100.9113778917,100.6629090663,101.2604179280,97.5562072546
2024-02-09,105.0362485951,98.9083834219,107.8378759849,105.5809346518,101.3615505942,96.9985015347,96.3731216628,96.7721120340,99.7897555926,95.5572988369,100.5030192723,107.5000933800,102.8889262379,106.1477237293,101.0162889611,102.3104968248,101.1416958141,101.1447131533,102.8058841646,98.4681576420
2024-02-12,106.8603039552,98.6299039461,107.2758717797,105.7252466228,101.7305355705,96.7956872809,96.4902901387,96.6924184352,99.0413106144,95.6854479280,101.2630410358,108.7928761070,102.5009964829,105.8426710453,101.8757565722,102.3957527285,101.3407260965,101.3107551354,101.6321955414,98.4757578876
2024-02-13,107.7499490342,98.3612414529,106.6079407958,105.9394625967,102.0812961666,96.9475165336,95.5279629773,95.9710809033,97.8834550068,94.9069118076,101.8444975354,107.4030143975,101.6810491115,105.2610751984,101.3075421514,101.8640259116,101.7112861507,100.8754379752,100.4627828217,96.9222759413
2024-02-14,107.7960012716,98.6045638384,106.7340141814,105.7367055085,101.6764712009,96.6994887025,96.1233442203,95.8804229289,98.0987883772,95.3215499901,101.5213858235,107.7462035089,101.5206002331,105.4074030193,102.2098346553,102.9665952591,102.7432827662,101.6750211808,100.1064027055,96.9132561476
2024-02-15,107.4153647494,97.5740775641,106.3074518283,104.3639159624,102.1347907286,95.6730921745,95.3678900027,95.2994752936,97.2655577991,95.5239182834,101.2692830455,106.8654307139,101.5330007690,104.2061829877,101.2374807502,101.8917069292,101.5869494391,100.3753591868,98.0964146453,95.9557687964
2024-02-16,107.3842797984,96.9487050991,106.1215214654,104.1128317391,102.5582819836,94.9848584751,93.9359425167,94.4657052051,95.9963539274,95.3416540874,101.5139840770,106.4998410665,100.7242950358,103.4876455022,100.6436094015,100.7200216384,99.7507720188,99.1643018102,96.9914619980,95.5981719983
2024-02-19,108.1458845959,96.8983255673,106.5761069841,103.9769505366,101.8388797813,94.8052620950,92.7964890289,93.5475545425,95.9628194181,94.4920624601,99.5893144816,105.0272920573,99.8597222049,102.5164246273,100.1467987874,99.6787432348,99.0257746719,98.8243842410,95.4763557430,94.5542504911
2024-02-20,107.7972535528,97.0922090300,106.2947386026,103.9039556137,101.0727012883,94.4309043247,92.1434158637,93.1757935638,95.9649901597,93.8850100669,98.9893000596,104.7592174864,98.7821078515,101.8710147627,100.3491070139,99.1816881918,98.6074680047,98.1067385810,94.6217695727,93.6448335604
2024-02-21,107.9138788935,97.3178174937,106.3822091843,104.1556903467,101.5566455511,94.7397220081,92.2651352799,93.8775088635,95.3328052178,94.6125915950,98.4961561905,105.3497660773,98.5928965996,101.9572097251,100.0708022144,99.1914801576,98.7408276593,98.1557260071,94.5707694330,93.5647218200
2024-02-22,106.7129786658,96.9094226066,106.1375232211,103.1340384629,100.8824625136,94.1868221253,90.9540770940,93.5489779052,94.9380451170,94.2110432083,97.5191628529,104.4434315296,98.0289049426,101.5718690060,99.2730226366,99.3956807352,98.8736889628,96.4524345309,93.1356315342,92.0424654021
2024-02-23,106.3378523432,96.4702283015,106.2953035942,102.5976994613,101.3088145542,93.8442214447,90.7421832542,93.8917659429,95.3568132016,93.6048571098,97.9335224279,105.0404451532,97.1731155694,101.1869709608,99.4315333184,99.4253522032,99.0393513634,96.5016934291,93.5382907023,92.8461994024
2024-02-26,107.0677598363,96.2068062212,106.2553136279,102.9535542767,101.3174275324,94.3761839301,91.3961713448,94.1468814459,95.5791667993,93.6129844901,98.2764433319,105.4732766672,96.5628715091,101.4433679570,99.6894190068,99.0913062811,99.1027315120,97.4034813876,93.8524906940,92.8761331940
2024-02-27,106.4288974332,96.3944346363,106.6465665942,104.1461088832,101.2266074336,94.2241553515,92.2165004517,95.1506018949,95.3275833330,93.6571798196,98.8220570172,105.8721865997,97.2335698602,102.0158008050,99.7017100704,99.4802482633,100.1992776987,98.2510637184,94.5177049820,94.3620312026
2024-02-28,106.8528055028,96.1179891175,106.2501248431,103.5962071929,101.2531479154,94.1318688589,91.8703560915,94.7411923404,95.2420638516,93.9843049672,98.5589220393,105.7656643913,96.8482870707,102.8220576883,98.9689849205,99.2767914233,100.0153653470,98.6797267574,94.2523786032,94.8093424139
2024-02-29,107.2404727077,96.6194388612,106.5886183563,104.2310493902,101.7277214784,94.4881396210,92.1061809749,95.2961264186,94.9842062577,94.3891135253,99.4541987544,105.5074111446,96.1062570780,102.9618910577,99.7588748963,100.1446379532,100.9146629857,99.7678860084,94.7607049041,95.7554654998
2024-03-01,106.8949490428,96.0389735498,106.4067778689,103.9272144914,100.8727044590,93.5927878925,91.5723538759,94.6583540762,94.8039571978,93.2720607562,98.8250024565,104.7458268428,96.0898298561,101.5239827469,98.9177514738,99.2455310250,100.5489670234,99.1006870074,93.9342843248,94.3098390214
2024-03-04,107.3987644075,96.1797311022,106.2447066514,103.3426601433,100.7064392140,93.6072209576,91.4527918380,94.5901827678,94.5179590345,93.6791416309,98.5127959610,104.9609110286,96.1383804290,101.8277409056,98.9590164069,98.7281163882,100.4028703279,99.4248266268,94.1894043661,94.3202511251
2024-03-05,108.0322375166,95.6807687024,106.2086646449,103.5443918044,100.8669360824,94.3261831368,92.1087466666,95.1487533005,95.1309449563,94.3633204690,99.4108454316,106.3831975522,96.6480665544,103.6159559948,99.9369360842,100.6592025465,101.8272319786,100.4489481758,94.7846801319,95.4885685113
2024-03-06,106.8782402792,96.1273533562,105.5153231906,103.1461803997,100.4930651511,94.6372473622,90.8542892079,93.7419603966,94.1787057744,94.1507710547,98.8114465808,105.6534444096,96.4628606281,102.6679814613,98.1310233278,99.1268497116,100.8840725407,98.8654933789,93.9516278807,94.4882341912
2024-03-07,106.5309451292,95.8864913327,105.3481438242,103.4953723208,101.4538751832,94.8183824327,91.0042410456,94.2684774975,93.6622902693,93.8414524072,99.2748502922,106.3009212857,96.2360417557,103.0879308296,97.8417961259,99.2038227906,100.7758670201,98.9911463866,93.3457167388,94.2417608662
2024-03-08,106.4184953151,95.8727313764,105.9172965323,103.5565996830,101.4809480418,95.4371724313,91.3350620456,93.7217800176,94.3014168777,94.3792666545,99.7096525601,106.1446240731,97.3468035065,103.7859437436,97.9456818712,98.6589611602,101.0904917869,99.4519906484,93.2199319158,95.3140569992
2024-03-11,107.3014960857,96.8017915434,105.9994408718,104.6756140287,103.3101216879,96.3622785800,92.5479995840,95.0690605725,95.8418970292,95.2785913969,101.5754830703,107.4737636439,99.2664094846,105.2227916339,100.1542005321,101.1897173338,102.9318776496,100.8706429988,95.7098316942,96.7657175581
2024-03-12,107.1362369964,96.3635812822,105.7910774542,103.6615535129,102.4020720083,96.2764036354,92.5293260641,95.2931694003,95.1735935621,95.3420992722,101.7643386954,107.2309779791,99.2873416809,105.8473552125,100.5990283715,101.0836515053,102.4237218756,100.8179798421,95.3481070837,96.5555404999
2024-03-13,106.7957587175,96.2216803712,105.3343655698,103.4040110562,102.3225246888,95.5545260951,91.6211149544,94.5745537031,94.3284253540,94.7852980175,101.5257430248,106.5616481753,98.9134253872,105.1053531752,99.7196831269,100.2367341653,101.7197252913,99.7941191308,94.4874909179,96.3441189411
2024-03-14,107.1022873217,96.2496045801,103.8166212842,103.9119857308,102.9931087209,96.3393452202,91.7537104163,94.4965756411,94.0483643875,94.8706152301,101.7391484490,106.6357488147,98.9460114394,105.6381947108,100.2160572035,99.8898577402,101.4392259478,99.5528408439,94.3416594398,97.0020587730
2024-03-15,107.3315056481,96.7346674429,103.1154276784,103.8591687463,102.5811416001,96.6622134883,91.2181836796,94.4459477227,93.8691917848,93.8268782285,100.9026555050,105.9239360454,98.0046501763,104.1907752788,99.5913592032,99.8121954815,100.5500698582,98.8411322210,93.1203722506,97.2024000225
2024-03-18,107.2841916215,96.2408227489,103.9491720589,104.3115680207,102.1939859541,96.8108242287,90.4374201337,95.1020018523,93.6682790538,94.5085923490,101.4361554797,105.7993245173,97.1944807761,104.8971593348,99.6077913780,100.2005716114,100.4444040272,99.4455017608,92.7858679513,97.1312516381
2024-03-19,106.7930607015,95.6272361903,103.4714267388,104.7879862463,101.5767480216,95.6587443961,89.6006090585,93.9348034984,92.0253553676,94.0117887608,99.9101508747,105.3528175239,96.8750582652,103.2777461545,99.1321482881,100.1531415697,99.1868604778,97.8840592252,91.0465825555,96.0161955939
2024-03-20,106.5722177740,95.7411494461,103.3507648225,105.4377253460,101.5188300025,95.2621229456,89.8776256700,94.0714322133,92.2330655707,93.5285562969,99.7260378742,104.5885169755,96.6680970346,102.3339195051,98.9798806816,99.6654215343,99.0556618309,97.2477352537,90.1983281118,96.7812968007
2024-03-21,106.7068547181,95.4166015448,103.0301810527,105.4232822551,101.7606680327,95.9807988048,89.9765125830,93.7655076989,93.5334741049,94.0441492081,99.9718612609,104.2660144179,97.2012214828,102.3865648779,98.9922626778,100.2749975707,99.4573635726,97.3380228941,90.7696575816,97.0653262928
2024-03-22,106.0751835232,95.6096400197,102.7949324141,105.8209440945,102.0411304189,95.9619625328,89.3027229064,93.1108519510,93.8599329849,93.6674187130,99.7046416244,103.7999525341,97.3565408498,103.0918774170,98.8515339900,100.4672973850,99.8708801306,97.5389502928,90.8815038931,96.6854291775
2024-03-25,107.5038558274,95.7176290668,103.8460905541,106.3571885650,101.5233812217,96.9680960573,89.7614890638,94.6837560184,94.8143145991,94.8873923219,100.7034904849,104.5162112262,98.8535382205,104.3831917854,100.4121257910,101.0637745746,100.4689910616,98.8909104979,92.2440387891,98.0908413910
2024-03-26,108.8265085349,95.7277266282,104.8017395668,107.9375675414,103.2369994637,97.9840563303,90.3412905332,94.6062567501,95.4055290143,95.8767639752,102.0650012218,105.7594705091,99.2549861808,106.3632525409,101.3940077200,102.8774671080,101.3501621494,100.4177407830,93.2075451989,99.6053005883
2024-03-27,107.9293553098,95.3721841424,105.4376123664,107.7180867273,102.6299887347,97.7112294614,89.6955236766,94.5357751077,95.8219225872,95.3793169821,101.8377942209,105.0021674502,99.5476625742,106.0678374218,100.8747009656,102.9969476527,101.2961386788,101.0334557615,93.6390644245,99.0437680341
2024-03-28,107.9649519220,94.6783778173,105.6475719205,108.0655895651,102.7054344731,97.9488673747,89.9101655503,95.7005043739,96.0501187145,95.7109444568,102.6721454570,106.0688379361,100.0680970222,106.3744816075,101.8472330828,103.4201019362,101.1037793243,101.5114412096,93.8400334500,99.4241439684
2024-03-29,108.8000161157,95.6349410118,106.2763688306,109.0901996046,104.1892857248,98.0832457628,91.3570689145,97.0376361058,96.9291968879,96.3394523426,103.9251610401,107.3811342361,100.9409032156,106.5979436569,104.2931739127,104.3813103111,101.8689255342,102.7283761051,94.8518619378,99.8299674854
2024-04-01,108.7080424063,95.7768614380,107.9737375906,110.6633966604,104.8828611477,97.5221994092,91.7241801374,96.6192846864,95.7266762908,96.3679507432,104.6834787474,108.1043650533,101.8961812855,107.3023056243,104.7702393590,104.4837520162,101.2502587121,102.6045898222,95.1859286212,100.0456296520
2024-04-02,108.4557025847,96.0280687557,108.2589359163,109.4261232606,104.3845237686,98.3577106086,91.3912715080,95.8809778240,95.2172477864,96.2101049549,104.3591365920,108.4817883039,102.8004303009,108.3058564043,104.8036391041,104.1089462502,101.1421294395,102.1736384790,95.6305450340,100.0419689424
2024-04-03,108.6323926969,96.1147631734,109.5158275414,111.0278357330,106.2092301897,98.8179833816,93.9811592133,97.4082707844,97.5151458654,98.4408215912,105.6239048372,110.2440914838,104.2615553171,111.4506789444,107.3810358516,106.7428097378,104.9054134866,105.4038576715,98.8176607883,101.5200814610
2024-04-04,108.9348280017,96.3391069921,109.9369040114,112.3196047594,107.4230179600,98.6119961701,94.8264089187,98.7381050194,98.5565215461,98.4558147929,106.6179021011,111.1895781351,105.8529748061,112.5895991053,107.5110062191,107.6460727949,106.1919503392,106.2014546969,99.7668930849,102.8890807150
2024-04-05,107.6222779662,96.2360887024,109.2829887411,111.5457542592,106.0644923338,97.7454853461,94.7433866950,98.3900480450,97.1878864088,98.0010399148,105.5247518722,110.1288802001,103.9322356536,111.9746903753,106.4845980071,107.1953943394,106.1068917268,104.4440060654,98.6221279199,100.2893383715
2024-04-08,108.4929127152,96.7330239582,109.7503076981,111.9350528567,106.4501889967,99.0322894064,93.8855562900,99.1265967894,97.2164948910,98.2792124537,105.4720077060,110.1592925959,104.5265644203,112.0493424261,107.6724848945,108.3452483772,106.4232709670,104.6509180471,98.4016985147,101.0938351144
2024-04-09,108.8766765780,97.8550416399,110.7739112537,112.6298760776,107.1931187634,100.5143257350,94.2702881926,99.7322306322,96.9336317072,99.5172088519,106.8580716021,111.6013967854,106.0527502986,112.7588331458,108.5951103499,110.4432642621,107.7809800451,107.0871753132,99.8563094687,102.8085569307
2024-04-10,110.4313551116,99.1091224771,110.4645137341,112.2174470318,106.8950761719,99.4825826809,93.6784575514,99.3002833318,97.3384527280,100.1203008641,107.7033276628,112.1736444329,105.6932303197,113.0536485562,109.3454342474,109.5232660182,106.9448227952,107.6917136586,99.5374707933,102.4663641427
2024-04-11,109.4464766739,97.9265149257,109.6871509091,111.1543482425,106.3392187426,99.2708741900,93.6038762781,99.4380454533,96.9589980803,98.8829625923,106.7617665273,111.2467888206,105.7239135557,113.3039931159,109.7080778845,108.2287995981,105.5782475592,107.0161634686,99.3173260837,101.2975856972
2024-04-12,110.4138940269,97.6425845908,109.7503486167,110.2890268757,106.0704389602,99.4096946745,93.5478466544,99.6177001736,97.9154444969,99.4802052110,107.4770433731,111.3267997620,105.7409386332,112.7773124969,109.0689284925,109.0173096463,106.1115566377,108.5912459772,99.2941093889,102.0966173252
2024-04-15,109.9983152943,97.0644114178,108.8211866920,109.5211765432,105.3144947261,98.7970934196,92.3503557764,98.7709460583,96.6381872759,99.0729771370,106.1700347005,110.2338031083,104.5358679990,111.8153190224,107.6256145715,108.5756383579,104.5388361776,107.4407358639,97.3294187349,100.5436779826
2024-04-16,110.3128427629,96.5628015736,107.4933977276,109.0434034876,104.7352066962,98.6881832666,91.7967002424,98.3937821236,95.9252707879,97.7965372573,105.4341538555,109.2314443434,103.4235036619,109.9592057684,107.4448376374,109.0283239639,103.3822505091,107.3905263984,96.6889748962,99.7358873955
2024-04-17,109.2107498771,95.7811778753,107.3453920162,108.8742727904,103.3588882484,97.4796961996,91.9096214451,97.5153702301,95.6177411644,96.7934892908,105.5059985950,109.2097178869,101.7636328043,110.0806783492,107.5624816900,107.5109294516,102.8061653112,106.5287956342,96.5015990221,99.6434293023
2024-04-18,108.4347558730,95.4266839616,106.8856064566,108.4357265265,103.1873809455,97.6526857940,91.7084844843,97.1436130934,95.1443040451,95.8554726236,104.9097597523,108.8059263337,102.6395379677,110.0766826717,107.4744727248,107.1602718963,102.7318056808,105.4667291134,96.2906471838,99.0448735414
2024-04-19,107.1352112398,94.9973002716,106.4062207507,108.2032494576,104.1400484214,96.8049494417,91.7793648869,96.9592890089,95.2203767946,95.6839710013,104.1749407576,108.1387405833,102.3827209246,109.3655381042,106.2243466859,106.7313112672,102.0591612760,105.0660104238,95.3508626045,97.6135024090
2024-04-22,108.0501748308,95.2604051698,105.9975032225,107.7954062901,104.8618235315,96.5520262644,91.7601980351,97.4576062034,95.2277915414,96.7048110889,104.3052231856,107.6048471711,102.1176483572,109.9272035697,106.5976469569,107.3550929702,101.5021000983,104.5263889247,95.1459051441,98.3102109282
2024-04-23,107.8969412421,95.5700261444,106.7399599064,108.8291658965,105.2875959353,97.9125598822,92.0788209548,97.4095207004,96.2407116801,96.7128153320,104.3399061784,108.2076934814,103.2710441864,112.0280020873,107.6756284383,107.4397005416,101.9939978152,106.6210485874,95.6072366507,99.7431188466
2024-04-24,107.8979231076,96.1751866560,106.4533259516,109.0809176118,105.5385105135,97.6884489657,92.3935341529,97.5138759794,95.9199420879,96.6103031254,104.7538152314,108.1665615918,103.0198918157,112.0409057811,106.9792354202,107.5676837331,102.4449625053,106.4053887881,95.3832845493,99.6378668347
2024-04-25,107.7054913215,95.7842691615,105.7504239958,108.8302184821,104.7637848262,97.0793352857,92.0276350893,97.4542661527,94.8619089210,96.1877040262,105.0914436610,106.9885336759,102.3214487738,112.3580940762,105.3611086121,106.6169631749,102.4428434474,106.8651449331,94.3887879022,98.4786650160
2024-04-26,106.3308329885,95.9047028284,104.7036917512,107.6524145355,104.0189922745,96.3039517161,92.0672488289,97.8509188688,93.9879035272,95.4481241630,103.5697808715,105.9377978254,102.4523716211,111.9507469989,104.2019750473,104.8011267637,101.2443639978,105.4008020042,94.1869941859,97.5673191215
2024-04-29,106.2106295401,96.8450756842,104.1759119476,106.9321450616,104.6876111548,96.0449318420,92.2656585042,98.5053880708,94.1783443907,96.4547408505,104.3321883217,107.4669545006,103.0034183999,113.1083363233,105.3983520640,106.0912825428,101.2810652751,105.7566225380,95.0718402165,98.2018522312
2024-04-30,106.6995349942,96.2529018973,103.7839739782,106.0870054802,104.4355097385,95.4012863879,93.3538498559,98.1255256718,93.9149096798,96.9275465739,103.2559312456,107.4938617867,102.2097957309,111.8524135155,105.4403122494,106.0553221551,101.4230272669,105.4887691172,94.1977613488,98.1306626830
2024-05-01,109.1928364513,97.2680730039,105.1065465964,106.7435977371,106.1346226068,95.8105105565,93.3481808517,98.5534840907,94.2650932514,97.6883792503,104.3774572075,108.3739189900,103.2002979206,111.9811581660,106.5808438210,106.9157983741,102.5453913712,106.3807498534,95.0567102109,98.3232103486
2024-05-02,109.5671022838,97.7751507011,105.4855021608,107.2827158412,106.4618140411,95.0357350474,93.7479904600,98.7338175558,94.8351717513,99.0394166648,104.9758621841,108.3439655550,103.6368039346,113.6555842965,105.9923575002,107.4650316497,103.3135386792,106.9518184079,95.5457697563,98.6063185966
2024-05-03,110.6328299252,96.9288427198,105.5794001996,108.0754839832,106.8451519996,94.9806540240,94.1130530051,98.1087042091,95.0630966969,99.6988880668,104.4192366456,109.0599883199,104.7073233484,113.9539535913,106.2596328910,107.9146668787,103.3220312812,107.5744184901,95.1435026155,99.3798192748
2024-05-06,110.7196550360,96.6892154063,106.2990749058,108.6045647114,106.8423661408,95.7181746879,94.1830852379,99.0222264245,94.3722211995,99.8475308919,105.4139419688,110.3279064306,105.4985580413,114.2198545763,107.2850744055,109.0948201400,104.1090727751,107.7751862045,95.7887092599,100.4486785877
2024-05-07,110.7439970928,96.8549163143,105.5056158545,108.7889499406,107.2840349645,95.9399835727,93.4311110124,99.0497110342,94.8442790125,99.8719597097,104.4950949515,110.2096520739,106.4345033014,114.1524083821,107.4237724562,109.4521949093,104.8990416437,108.6877102236,96.4361673047,101.2377033745
2024-05-08,109.6844158850,96.0573948056,104.3798585791,107.4748109228,106.1457182847,94.9789663938,92.2655692010,98.5489720013,94.0433849116,97.9017900053,103.1218712579,109.1753545725,105.0006621132,113.6690503083,106.3890229101,108.6490560414,104.3439878642,106.0439932769,95.1129381181,99.6343832935
2024-05-09,109.6366150104,96.5912182946,104.5498836210,108.0466779362,106.6311103695,96.8762925135,93.4286288041,99.0166327328,95.9768696871,98.1751341112,104.6175864415,110.8348218131,105.7746266467,115.5587584638,107.7654783514,109.2379060509,105.6530610278,108.3126048080,95.8069238940,101.4469651318
2024-05-10,109.4768020584,96.3945981539,104.6649357160,108.4523841195,106.8909203776,96.5222336878,93.1584166121,99.9252714392,95.0448893389,98.0267251273,103.8833948474,110.9600554696,105.5744908632,115.4651438563,107.0396425871,109.0337593409,105.9408698142,107.8526254653,96.3242841682,102.3198278630
2024-05-13,109.6204625448,97.2047216081,105.6113788235,107.7907155360,106.2554108332,97.6431029863,93.1284027020,100.5244275297,95.4586418844,98.4970845292,104.2575952799,112.5041589069,105.2140062681,115.9857507491,107.8004195123,110.7734568192,106.6251081731,107.7313993620,96.0635576923,102.4505670376
2024-05-14,109.7204308447,97.5642252291,104.9473066497,105.9525431644,105.6626890305,97.6825933544,92.7857937869,100.3882564023,94.9721533708,98.6134195171,103.6333000990,110.3336702428,104.6643402361,115.1508472527,106.4717537074,109.5416159939,105.9098481054,107.4802612379,94.7540667832,101.7690112039
2024-05-15,109.6188282964,98.3749442419,105.3105892009,107.0480763472,105.9011434192,97.5073590845,92.9901400304,101.1320092900,95.8392098154,99.8378581355,103.9480992504,111.1639743584,106.0597641150,116.6336556212,106.7171643868,111.2021073253,107.8007526829,107.4316851569,94.9514014518,102.3980844335
2024-05-16,109.3388623290,98.5081570377,105.8591348603,106.7719511436,105.8532618584,97.2437084725,93.5999893712,100.9844615964,96.2949289155,99.8683005367,103.8386502182,111.6885163153,106.8381083327,117.2755947494,106.1432590393,111.0973035559,108.1827925788,107.9642166864,94.2770818073,102.8508031516
2024-05-17,109.4662231850,99.1329672341,106.1737377972,107.2488744479,106.5547225005,98.9108235199,93.8008210121,100.9003506494,96.5386822321,100.1654242025,102.9872625412,112.0813885600,106.9515191975,118.6997721857,106.6277337823,111.1467882876,109.4317281663,108.6357594233,95.5664567152,103.1527232734
2024-05-20,109.3995667367,99.2914001613,107.3757199988,107.4890873098,106.9272012388,98.8495150010,94.1578137985,100.6990933910,96.9004417492,100.1564882634,104.4901711161,113.3235393930,107.3051885357,119.2970050336,107.2214113747,112.2514777438,110.2670014921,109.4238247615,96.5547996534,104.5565084998
2024-05-21,108.5325149636,99.0187449186,107.4611219410,107.4904415406,106.6258856282,98.6093114808,94.0445225967,100.3392192503,96.3185833044,100.1281249664,103.9554241402,114.1896598503,106.8629141706,119.2510672579,107.4250121040,111.3844651375,109.3739296551,109.4265969266,96.5938784815,105.1657977899
2024-05-22,107.5469347246,99.9117845058,107.2809007267,107.7328211068,107.1735233176,98.8202603093,95.8035682664,100.5062007893,95.9520611170,98.7751688569,103.7228890850,114.4927564261,107.2367244135,118.8110418820,109.0566877217,111.1312784231,110.1522697456,109.8148421976,97.7822312421,105.8337738230
2024-05-23,107.6031122256,99.8926620512,107.1334082602,107.6053269194,107.4945914866,98.9497645652,96.2868314523,100.0606627345,96.5130791551,98.0468129065,104.0705490632,113.1579668557,107.0548916478,118.9613951263,108.2400344231,110.4951505479,108.7317500517,109.1978733445,96.9790970299,105.9959186553
2024-05-24,107.3030117161,100.1360363630,108.3431692427,108.1426336581,109.1861278710,99.0149367950,96.5271861665,100.8197850101,97.5204758912,98.3506072215,105.1739370140,114.3228173398,109.3426054239,119.5601698277,109.4835729261,112.4328964999,109.7110298966,110.7117678849,97.9528158556,106.7373255324
2024-05-27,107.3411319290,101.2350077183,108.3670358588,108.2958517515,109.5707481561,99.6198503677,96.3586497965,101.7486989323,97.4848452824,98.8469481258,106.1279642073,114.3588617285,108.6464537175,119.2282482999,109.6866765411,113.1618792839,110.9867223462,110.5070077202,98.0779488292,107.1490471740
2024-05-28,106.9513567459,100.9830742638,108.1484875566,107.8159578142,109.7991528956,98.3363520274,95.7963311038,101.4106919137,97.1788833802,98.0910480092,105.4154326764,113.8489519920,107.5670830061,118.6776887636,109.9182303056,112.3049440046,110.8606136228,109.7973353635,96.9234849859,107.0090909235
2024-05-29,107.0944259340,101.2374836445,108.8163012517,108.6870815472,110.9879788224,98.5891385784,96.7622300858,102.8477463996,98.1458825334,99.4934497248,106.2500849622,115.2304497357,108.5893679465,118.5439999946,110.3713137170,113.0198844133,111.8831307731,109.7474797745,98.1541007920,107.7998820175
2024-05-30,106.5664780582,100.5514966423,109.4419303701,107.7615568752,109.7302265944,97.4039011207,95.8202575912,101.5572216559,96.9151385891,99.1559036104,105.1926764296,114.3730362511,107.4200565756,117.3193894635,108.8361405711,111.5929904820,110.8551402771,109.8079447117,96.5756048894,106.1731711848
2024-05-31,106.0530886021,100.4886792135,109.2778205596,107.4252724431,109.3463678780,97.5607131207,95.1669419924,101.2903545800,96.4312968281,99.3045484754,104.1212514916,114.8431240483,107.2524754697,117.1064916032,108.9022710225,111.0708757440,109.7075469471,110.0039367554,96.0696909455,107.1752087482
2024-06-03,105.5929957112,100.4350355874,109.0688287266,107.3825485963,110.0328704192,97.0170765945,95.4410769415,100.4201576962,95.3810529100,98.7646318067,104.3996746302,114.3457575302,107.1148348471,116.7712697803,109.2059777000,110.4654360662,109.8554327854,109.6098852595,94.8029195905,107.0836831310
2024-06-04,105.6297537266,100.1336062833,108.3807927487,107.2578833628,109.8204299984,97.2298650973,95.3674775213,100.1948036879,95.3521382080,99.5949417197,104.4234722746,114.5776510723,107.5068592543,116.0118119270,109.5227823883,109.6787998683,109.8021368683,109.1988723757,95.4893803711,106.9450914611
2024-06-05,105.0631470802,99.9955437196,107.9549274817,107.0093478109,109.9183557039,97.9500714515,95.2341268705,101.5463816481,95.0056173198,100.4792351380,104.4660907983,114.4958607344,107.7478534289,115.7556686538,109.4483086333,109.6272733648,109.1017945173,109.0732028100,96.0952584149,107.0071502556
2024-06-06,105.0310077429,99.2731192656,108.0834931920,107.9006344654,110.1961339345,97.7154401877,94.9579489692,101.7246217451,95.2800864156,99.8756685802,105.2115748351,114.6836972183,108.3180034635,116.2601929563,109.7015083264,110.2513772050,109.6742135243,108.6770904933,95.8525152074,107.0400385623
2024-06-07,105.2035956140,98.5042552788,108.5597629549,108.3303511581,110.2900102589,97.2819751744,95.2340232154,102.2295399283,94.6471795577,99.6060481586,105.4599518800,115.7395089053,109.6470325363,117.1691782622,109.3412108676,109.0254126859,109.8553233816,108.5199523440,96.7277294554,108.2070152215
2024-06-10,104.7567734112,98.3972490110,108.7621873279,108.5349307757,111.0557756202,97.7262381503,95.0992684477,102.0932988489,94.3838043643,100.0687391637,105.7398509054,116.4662651883,110.7389584733,118.7476555068,109.7273264708,108.7259884847,110.7616352163,108.5880601386,96.7430599354,107.9769505604
2024-06-11,104.7948291798,99.1337893441,110.2437602054,108.9446961424,111.5016904158,97.8199669157,95.7902292105,101.8337556566,94.1745944912,100.5959956453,106.5325206629,117.0912792358,111.7158359671,120.0416005541,110.3639145541,110.2570737164,113.1808230602,109.2078669328,98.5445150513,108.5977997896
2024-06-12,103.7449946187,98.9947617974,110.1198155265,109.9238694314,110.4559545151,97.2719778421,95.0258059785,101.0291996348,93.4217685547,100.6783643112,105.3924178869,116.2169875186,111.8139008449,120.0535264230,109.5970500876,109.7476557219,112.1153229355,109.4620362264,98.7375092713,108.3886609342
2024-06-13,104.1709219753,98.7826903960,110.9417615174,109.7614030222,111.1992326735,98.0282680650,95.0940893399,101.0437868163,93.9981588554,100.6156134043,106.3398808163,116.8350646509,112.0847832416,121.0280071556,110.6574502659,112.0469151668,112.4934360337,110.0350926908,98.7632046694,109.8733223879
2024-06-14,102.4096758631,98.2280547958,110.5029263096,109.2057778099,110.7163589470,97.5873380857,94.0677879720,99.0149682051,92.6594421584,100.0531845785,105.9393312547,116.0289655856,110.5254028719,120.3878652537,109.8653821073,110.9495555740,110.4516914052,108.7852202566,97.5570739053,107.9037964432
2024-06-17,102.4810499123,97.7972293325,110.3959061490,109.8864196264,112.7406118245,98.0075487510,94.6870492361,98.7689822399,92.3682224920,100.2871261493,106.8389531294,115.9222600143,111.1268088113,119.9853964197,110.5879936619,111.0714870172,110.4940986247,108.6423216326,98.3771156297,108.1562607978
2024-06-18,102.2138622991,97.8983770827,110.5344758590,110.2794025674,112.0003241755,98.6664399380,95.5879910747,98.4503150313,90.7824487877,100.7724734848,107.6872150277,116.0919934829,111.1326588083,119.6047015179,110.4884007379,111.1519730612,110.2882097699,109.5348121185,98.3259477719,107.9760374813
2024-06-19,104.4019368567,98.3119473813,111.1462775861,110.6051487966,112.7209573401,98.8429561364,96.3380208555,98.9731319376,91.6566758351,101.3434400817,108.0349082920,117.3918782840,112.5825539037,120.9669195000,111.9445192680,112.9213895465,111.6351010259,110.5101876915,98.4795088557,108.9755064605
2024-06-20,104.2983760582,99.5678994076,111.1054734267,111.3398198841,112.7516471328,99.4237308838,96.0960169601,98.6387421834,92.1342295082,101.1162669201,107.3531204855,118.3973624887,113.0934449402,120.7298570271,111.2832717533,113.4154663627,111.5461187438,111.3204844918,97.3211877078,108.3893515672
2024-06-21,105.6589168337,100.8990376311,111.7150815379,113.2577606111,113.8038958647,100.1483259446,97.1361481556,100.4984059965,92.5461214973,102.4479578271,108.7877365667,119.4980794957,115.0793087396,124.1893614409,112.9517826616,114.8124701054,113.4294039561,113.4786970527,99.1159059845,109.5479446869
2024-06-24,105.0305032325,101.1001416864,112.3989463166,113.6434744463,112.9876132834,99.9738657916,97.1609871334,101.6617170329,92.7650613049,102.3953356576,109.3413032477,120.2001761512,115.1914316919,124.8918368538,114.4388359572,114.0508643844,112.2475693652,114.5570183432,99.6607586536,109.6059084444
2024-06-25,104.3882049396,100.6577030517,112.2744707103,113.1986299305,112.3820124199,100.6222743152,96.8712400758,101.4303366039,91.3452329847,101.7723813946,108.7311791385,119.8620769756,113.6033855996,123.9540623557,114.4198569026,112.3905754670,112.1607531607,113.9735732554,98.7725551915,107.5083540836
2024-06-26,104.4375387695,100.1221217004,111.9846607915,112.4177994090,112.2368625201,101.1256514267,96.5058092031,101.9021661693,91.2913223301,101.2865825782,106.8637433508,120.3403394698,113.5922268485,123.7247217706,113.3889317665,111.7202283124,111.7024285327,114.0223934947,97.4200671502,106.8945802374
2024-06-27,104.8882451966,99.5041629468,111.9489651156,112.9835365581,112.7927242885,99.8890841333,95.0820783815,100.9665058844,91.0736835076,100.7626498508,106.0297280883,119.9550515657,112.8161192678,122.7899806671,113.0842524391,110.4841676904,110.3263767767,113.6875279894,96.8759625869,106.7074412847
2024-06-28,104.8547678589,99.2155310647,113.2373583122,112.1445339951,112.1748921131,100.0027997645,95.4130116200,100.7880570404,90.4527689538,99.0842216167,106.2374851623,120.3688450370,111.8714077664,122.6962637168,112.7919888867,110.0099251059,110.5801531038,113.0166160667,96.7308437026,105.7184463123
2024-07-01,104.1995748239,99.1358972211,113.9168301192,112.1324494295,112.1952062410,99.8270620445,95.4445702970,100.7257876006,90.5489959341,99.5390233045,106.9438537298,120.3460733709,112.0273257221,122.3547110814,113.3313222582,110.0379965772,109.6149667171,112.8323781874,97.6937454364,105.1109595922
2024-07-02,102.8792642456,99.0081420545,113.8179033049,111.3776793654,111.8373745073,99.4609956116,95.4747423739,100.1223103575,90.8156756082,98.8211044398,107.5896980007,120.0146787615,111.1394895897,121.6374747858,113.2602620572,110.3907915773,109.3766162032,112.1026856652,97.0058484510,103.9956201768
2024-07-03,102.4274290964,99.0677183053,114.0479015165,111.3380298163,111.8768313045,98.9324072231,94.4257031472,99.7592823127,91.2213154320,98.7539249040,107.5183248415,119.3108910242,109.8794650340,120.2117165242,112.4839361355,109.1198353850,109.2541023433,111.6149966328,96.7039525642,102.8132834085
2024-07-04,102.9203792462,98.3605697491,113.4315803910,111.8008959728,111.6414437603,98.4112588957,93.6287428691,98.7869706254,91.0118596251,98.6882328341,108.2520431639,118.1942187244,110.0176736812,120.5363097834,113.0981681640,109.8617415194,109.1900618309,110.6401534281,96.3530502913,101.2613285298
2024-07-05,103.8210517384,97.9959975169,113.7038876145,112.4666071201,110.3463505793,98.5040800887,94.0978443860,99.1685385376,91.0852244152,98.2176374206,107.7631509522,118.8510627610,110.0833677155,121.4200633648,113.8866073842,110.0461143113,109.2344333211,110.6912182167,96.9178142766,102.5394997307
2024-07-08,102.4155300558,97.1274761470,113.2507926857,111.3394097058,108.7479796610,97.5687575549,92.4356096601,98.6281734119,90.3134360511,98.7694617657,107.2015286727,117.8606767177,108.7341334686,120.4068795005,112.3929979598,109.1103557445,108.0140722347,110.6139549353,95.4347113295,101.8035343577
2024-07-09,102.6122752578,96.7853338112,112.9550238610,110.2790899254,108.3167862654,97.6249786412,92.1731936679,97.7441279828,90.4180110380,98.2756284611,107.3916235303,118.2003193528,109.5634951025,119.9418069530,112.1980633132,108.5715613160,108.3036486410,110.2835192853,94.3519068989,101.6664647062
2024-07-10,102.9103863553,96.9520033272,113.3601863620,110.4651706119,108.9710513736,98.6116194958,92.0860459099,97.4172619917,91.3767138873,97.9365014050,108.4713459251,118.6686204903,109.5776996417,120.9241588788,112.9636460982,109.6120005169,108.6783374735,110.8404573084,94.6333870162,103.0831290800
2024-07-11,103.4627957934,96.9991145916,113.1522455540,110.5226641726,108.5070939170,98.9554160456,92.4544343656,97.7636729510,91.0621170169,97.8104246176,108.0391797853,117.6718913885,109.9973989772,120.4794160871,113.2330530838,109.4304832658,109.5226610433,110.5963996214,93.9421170694,102.4927961468
2024-07-12,103.1289122334,96.6525380408,113.2080927408,109.9754385282,108.8131421974,98.9805625183,91.6167557498,97.1579647578,90.7574900365,97.6797557774,106.0532440603,116.4059090715,109.7819094173,119.4044894738,112.8015945784,109.0301097047,109.2003432834,109.5110577043,93.1244636153,102.1584789034
2024-07-15,102.4177736192,96.8365915879,113.6044995685,110.6594326876,109.2590267976,99.5351044215,91.6356011930,96.6798700825,90.8303773079,97.8534889833,105.6870419006,115.8648564292,108.4998943817,119.7177729395,112.6885959378,108.9447488526,108.7192936338,109.2870644243,93.1177819959,101.5004168151
2024-07-16,102.3453382371,96.4682265777,114.7973969669,110.8301858626,109.7816627577,99.9440599295,92.6285764493,97.0684124289,90.9922952124,97.3499609422,106.0574410805,117.4605785042,109.4931585295,119.8786149437,113.6860110340,108.8758369390,109.0464201729,110.4051737835,93.9410115084,103.0014429921
2024-07-17,102.5101730779,95.4737388086,115.1728743734,110.1739997638,110.4454481037,99.8915787322,93.0055628532,97.2032952188,91.6871336338,97.4354435141,106.5419814647,118.8656714308,109.1737211444,119.7126456328,114.0052916262,108.6599134372,109.3332943847,110.8558247856,95.3186372741,102.9009624423
2024-07-18,101.8641614831,96.0194114905,116.3936388735,110.2795206676,110.3761682907,100.4039723788,93.5828548831,98.5152105741,92.6057163936,98.3912837283,107.2536040843,120.0234925256,110.9560176106,120.1083869890,114.4543603172,109.4883011147,111.2241494360,111.7580714438,94.8878298253,102.9568073797
2024-07-19,101.1052722364,95.0031600384,114.9964465425,110.5820538811,111.3865848256,99.7794010773,92.8681100922,97.7635836166,92.7829891481,97.8271326844,107.3970289026,118.8060495288,111.4172353821,120.2796165544,114.6234112891,109.3756878354,111.2030396104,110.6663711321,95.0708532965,102.4927198183
2024-07-22,101.4668243293,95.4652352542,114.6156122779,111.1228125932,111.7118471756,100.2928341448,92.2553099162,97.3648713906,93.0655425437,96.5798112637,107.3681026652,119.2175289836,111.6613641528,120.4241674520,113.8679098283,108.9133459102,111.4857321629,111.3923820781,94.5640347704,102.6198548832
2024-07-23,101.1482670872,95.7602250093,114.5516618815,111.3559397029,111.7752673437,100.2751119043,92.8970331225,97.0810268997,93.1683218521,97.5456120101,106.9963456883,118.6455900611,112.0547510272,120.6058472201,113.8181283304,108.8174346024,111.5841232458,111.6400821989,94.3063646353,102.1231739768
2024-07-24,100.8653643941,95.2360098253,114.2439942228,110.7888669767,110.8627947500,98.5101807229,92.6569135738,96.8412696997,91.9765047783,96.3877718490,106.4578809723,116.8418681725,110.8339164957,120.4092859645,112.1586111485,106.9153067483,110.2937198541,111.3021507200,93.2570472719,101.4878393283
2024-07-25,99.8320573874,95.3571442053,114.7599601038,110.8239284865,111.4897463708,97.7581165907,92.9823677873,96.9792129476,91.1268495108,97.6866181997,105.9995071249,116.5679266665,109.8727427329,119.4878321763,112.1203659024,106.2960199607,110.1853753675,111.3094797238,92.5156054008,100.9771114128
2024-07-26,99.7194804597,95.9345456580,115.6046932669,111.7104785795,111.7530884850,97.1184917549,93.3725354540,96.6966753618,91.2139464561,98.4132089410,107.7901098393,117.3662962412,110.7748148571,119.7505529707,112.7565699198,106.3098681174,111.2547804863,112.3500599797,92.8227940675,101.5296851080
2024-07-29,97.2873611267,93.9956775672,113.7014055699,109.6030790498,111.5344767887,95.2066384314,93.5318517127,95.0259816503,89.6571661475,97.1429626215,106.7368977978,116.6864388479,109.7649793627,117.8527204950,111.5843677957,104.7936880548,108.8256555739,111.6189288378,91.2090100519,99.5929107598
2024-07-30,97.7845997964,94.6663725221,113.7071254396,110.0031324309,111.2293093151,95.4567119211,94.4066378384,94.5392407453,89.8311579379,98.0671409574,108.0278802103,117.6262110542,110.0965563554,118.0846928709,111.6994885103,105.8734359930,108.6891881901,111.6367377050,91.2254184755,99.5888382803
2024-07-31,98.2524493014,94.3332764213,114.6046344885,109.5632511209,112.3296656106,95.3747754277,94.7327383643,94.9724242354,89.4524135590,97.4047361890,107.7179047163,118.8316121978,111.7554460563,119.0355725358,112.1631528859,105.6018885057,108.0921793494,111.3434742490,91.8336027861,99.9470760776
2024-08-01,97.2447883271,94.2413303799,114.0936714049,109.0720821624,112.5621921130,94.9644781371,94.4229129843,93.7708347178,89.2610171364,96.6910951556,106.8895897580,116.7709679608,111.0464527862,118.6222071459,111.5623087907,104.5609241530,106.0977898806,110.1524995522,91.1877798323,99.0637425612
2024-08-02,96.6707651751,94.4295804434,113.5334529244,109.0268366255,112.8764192025,95.0934517893,94.9210984989,93.4363829135,89.4409844189,97.1683514083,107.0321018303,116.7776360010,111.6749554820,118.3585764217,110.9946862854,104.4217318357,106.9953175926,109.9259009650,91.8136899749,99.9092262535
2024-08-05,96.7443678011,94.7008639517,114.4354379202,109.6068916011,112.8201381089,94.9873927337,95.0011946827,93.6470212977,90.0252827943,98.4152271080,107.4582643634,117.5469396158,112.1555782675,118.2249013489,112.3484545840,105.4473017417,108.1933834121,111.3940653008,92.6254071421,100.8248209545
2024-08-06,97.4552781276,95.7947556397,116.7437544779,111.7563471094,113.3371243111,95.4544968242,95.0348384731,94.0708350267,89.9558281529,99.7597913361,107.9199150195,117.7578012434,113.2378850697,118.7486294185,114.1273356295,105.9619475018,109.0817807185,113.1010818828,93.6774330455,102.7452144295
2024-08-07,96.7827153170,95.9803081603,116.9651445857,111.0779721487,113.4715333007,96.1987059814,95.0960619910,94.5726571217,90.4339231502,99.2848323964,107.8945708781,118.9305943585,113.5456347576,118.1270025975,114.1720450123,105.6338611176,109.4224216394,113.1517380630,94.1211722390,102.8448363042
2024-08-08,97.0302072725,96.0354009076,118.1990933260,111.7656597154,114.3322198054,96.7231341753,95.6009888676,94.7809259856,91.2274447678,100.7208818383,109.3587979346,119.1076846766,113.0381925083,119.4441877939,114.4177191548,106.4157236984,110.0815028905,115.8736989100,94.3541336678,103.6902559968
2024-08-09,97.1667004216,95.9972424063,117.8267158146,111.3267672115,114.4380636938,97.6440867972,95.3223913785,94.5729926280,91.2864544560,100.1499437754,108.4788738742,119.5509210175,112.9313554759,120.4862589184,114.0411945280,106.8926276388,110.3948723885,116.2527335878,94.9900648722,103.9792065293
2024-08-12,96.5124760486,95.9550713288,117.9232325949,111.3394637942,114.1735366253,96.8242826390,95.8358844120,94.6217274872,90.9941996444,100.3515876426,108.7683248422,119.0481093859,113.3135252821,120.6617704037,113.5963653921,106.7031396467,110.3318494824,115.3612647590,94.8091702142,103.5506802066
2024-08-13,96.3730508837,96.5092620647,117.5870549915,111.3378740649,114.7778522875,98.1284712205,95.9132751064,95.0580042292,90.9758018616,100.3659624463,109.2996217846,119.6387568712,114.4005690355,120.7494334116,113.5528496539,107.8043277825,110.7605368601,115.9758310919,95.1591111958,103.7238828529
2024-08-14,95.8430311888,96.7853409190,116.5895556890,110.9570743944,115.2910076650,97.4741261763,96.0536114483,95.4124926486,90.9507093138,100.9665305220,109.2694919919,119.3110341130,113.8291180507,120.7819688288,113.3280062277,107.5719167069,109.7876365511,116.4986791688,94.5471443016,103.2040619105
2024-08-15,95.1296730950,97.4100563443,117.8182625757,111.6146106997,115.4559899523,98.4258949216,95.9637743566,95.5526224426,91.8687169068,102.2452742717,110.8364643562,120.8438747136,115.0725723579,121.3616365417,114.7787104372,108.8326314922,110.4260730318,116.9885517193,95.7419417957,104.2707739130
2024-08-16,94.8742964010,98.1312262455,116.8834982166,111.1741585290,115.2918627958,99.3860337391,95.9064611568,94.7804142317,92.0584054808,102.0313840657,109.9296252672,119.7776753244,114.7007917548,121.2679137128,114.2768287266,108.1973844439,109.6106112454,116.9638032118,95.7359408285,103.7124248672
2024-08-19,94.7166794214,98.4487399213,116.5584537833,112.5351315754,115.8035113914,100.3815845073,96.9451891258,95.9752970866,93.6722410698,102.7435517892,110.9470569252,120.4886300389,116.1276371505,122.6978630831,115.4330534113,109.8853218709,110.6459514322,118.3456288863,96.9212635543,104.7921819265
2024-08-20,93.9683494719,97.4564477191,116.4280364171,112.9665554267,116.3285439998,98.6284453149,95.6418623814,95.5360238746,92.6066108689,102.1673279241,109.9497554569,120.3951308604,114.8058547149,120.1466333950,113.4264301906,109.5817874349,108.9826236255,116.7333416297,96.1722353015,102.7494355345
2024-08-21,94.5507040523,98.6128164921,116.4882637521,112.8490727992,116.1136230499,98.6362051485,95.4052112478,95.5569247836,93.1270162960,102.2938578058,110.4230491585,120.9579018411,115.7985349085,119.9654974135,114.3477098106,110.0795341475,109.8517686149,117.7359274285,95.5106114811,103.5089082703
2024-08-22,94.5404864697,98.9990332439,116.1558733967,113.0101604721,116.2143482936,98.9544450715,94.3410525208,95.6257781397,92.9871690985,101.7976385141,109.6366193372,119.5421076584,114.4080790449,119.6285038958,113.4127141144,109.2339376390,109.0151654246,117.7616225956,95.1900066251,103.0996301801
2024-08-23,94.6617914475,99.7929807675,116.1616985128,112.5171506709,116.3160944668,99.8830450887,93.7640210860,95.3459177132,93.0411665576,101.0533593604,109.3894106661,120.0487002465,115.5809448571,119.3774222187,114.5855889054,108.6520113978,109.7324089399,117.7639501286,95.7726609804,103.7453193937
2024-08-26,94.8928786020,99.8701431392,115.7083998257,112.3628178543,115.9281299520,99.7719698535,92.8283787839,95.0886454492,92.2510917249,100.1796925007,108.5657583213,119.1367014959,114.5097460246,119.5154070206,114.1540850012,108.1807516429,109.7274189729,117.4259125482,94.2505008244,103.6910516136
2024-08-27,95.2268670350,99.2866092427,116.0818750633,112.2102791466,116.4692544911,99.4667284408,93.2356772171,95.2887309936,92.7942122047,101.2679451633,108.6230841660,120.2096844155,113.5588041140,118.9549167487,113.4120769818,108.6753860319,110.3839522359,117.0118019787,94.5937576712,104.1719894173
2024-08-28,95.4465482201,99.3939316548,116.6255049611,112.8804621898,116.2727555770,99.9895416573,94.4680285599,95.3548163048,93.1208305277,102.1888551870,109.1692828940,119.8061008243,114.3671864642,120.4896322955,113.6741537692,109.1218961920,110.7987321054,118.3098399213,94.7605141774,105.8041370859
2024-08-29,95.9417962123,99.1577816961,117.3906867060,113.1746501333,116.4350978358,100.0328179336,94.4438217343,94.8765983844,93.2450536746,102.3385736284,108.9423367651,119.1946818658,115.4096330273,121.4647889053,114.2094305336,109.6595003901,112.2548513474,119.0274939909,94.1918554441,106.4682374453
2024-08-30,96.3321131844,99.9761708815,117.7813931416,113.8005663787,115.8664657459,99.3058914221,94.6232419789,95.7272420201,94.0819449477,102.5240265380,110.0415060528,119.7214422429,116.4874804931,122.3805674029,115.1648156439,109.6489838900,112.0108326856,119.6040729796,95.0806127167,108.5868866320
2024-09-02,96.7138268429,100.1290102789,118.0839391763,114.8681260497,115.1273957010,99.5620735222,94.4401911490,96.3217246450,93.9805598146,103.4968325154,110.0201105790,120.0171074899,116.3806811086,123.0802906101,116.4147887210,109.8331928992,111.5561675260,120.2638195658,95.4928670956,108.3405361027
2024-09-03,96.4646118871,99.9171492950,118.0076210910,114.0433131710,115.5234004823,100.1462066740,94.0159329168,95.9813108055,93.9745239813,103.5297062551,109.6700071361,120.2180383119,116.1049327491,123.2952374925,115.7470873247,109.2138479577,110.8513131104,120.1133915621,95.8136839879,109.3143736562
2024-09-04,97.7005167244,99.9919886013,118.9084156888,115.2113355798,115.5653005810,101.6164517198,94.5301025860,96.3021507536,94.2681289736,104.3369928909,110.1806593689,121.5081651272,117.1926092467,124.5410426734,117.0536364573,111.1420885711,111.2227084590,121.5288309527,95.9949458774,110.7731392411
2024-09-05,97.9993676447,99.9736405054,117.6259350396,115.7296378333,116.0727307338,101.3733580632,93.6525743753,95.8408339653,93.6984529122,103.7239000384,110.5117846996,120.4532878418,117.1080112274,125.0243648750,115.8317002993,109.9025050403,110.4240724984,120.2170633072,95.8240237557,111.4963199968
2024-09-06,98.9671897998,99.8256843675,117.2505705426,113.9700446768,115.1479134170,100.5058694422,92.4335849441,94.7460052555,91.8105562588,102.4541828194,109.9799766446,119.1395355614,115.5805098716,122.3681874589,113.7415760516,107.2314697945,107.9905356012,118.2612473885,94.0164043256,107.8587437213
2024-09-09,98.9510280094,99.3210543269,115.9164138489,113.1281220102,115.4625602891,100.7844581910,92.6147488969,93.6736298050,90.7658330633,101.9354284403,110.6791435535,118.9329436501,115.7154416244,121.7766941451,112.9307123313,106.3909606904,107.9065266160,118.1242414204,93.1962530019,107.0271871422
2024-09-10,99.8198778283,100.5855360242,116.9577213374,113.1818800974,116.4081895990,101.6508667427,92.7479603677,95.3200866868,90.4020977566,102.7377121817,112.3638510208,120.1677465334,116.2346822818,123.8420220037,114.8881379392,106.9834191227,109.1002752138,120.7416536585,94.6075117320,108.6764581686
2024-09-11,99.5735222326,101.2211351594,117.7516308526,112.7468313346,116.1269364264,101.9808004856,92.8540513720,94.5498351895,90.9921475883,103.0413002884,112.5708835311,121.1516609325,117.0864457616,122.7915566448,115.5008687166,106.7170200357,110.1715630014,120.6103272718,94.0943446588,107.9831191415
2024-09-12,99.1669209024,101.3487973636,117.9071003649,112.8970006954,115.3892882522,100.9409011257,92.8251428122,93.7781576188,91.4780887564,102.4245346874,111.5561980079,121.0981530186,116.5050930557,123.1418929683,115.5431359201,106.5463025778,109.6532338074,120.7654472568,93.9584025476,106.8654532640
2024-09-13,100.4510873492,101.5301264248,118.6528320998,114.6354834879,115.6757945381,101.6636311982,93.1628905903,93.5887250090,92.2859600350,102.7735212893,112.6092918867,122.5102014128,117.2120691270,124.5289428007,116.8795915354,108.2212730007,111.4829326704,122.5951078242,95.8689155025,107.3043050868
2024-09-16,101.5710041918,102.1497593263,119.5404081870,115.6194949120,115.3195337130,101.7797277599,92.8840289171,93.3537188509,92.0432133069,102.9706395088,114.0903476107,123.5694193789,117.8718091469,124.2449800048,117.4816703581,108.7380650248,112.6676338924,121.9032134714,95.8121459275,108.1817541113
2024-09-17,103.6798555299,102.4011679893,120.5398094868,116.4974482479,115.9342695787,102.2757700037,93.6482333006,94.0114626089,92.8967288139,104.5393741371,115.1578233871,124.4399248193,120.5610512459,125.2660899701,118.4363919619,110.5614322620,114.8772325282,123.3263030942,97.6179279673,110.5345566584
2024-09-18,103.0792486763,101.6595721372,119.6852244252,116.5721155874,115.0899235853,101.1417167851,93.2018320421,92.8898654100,92.4341833097,104.2227424116,113.3175557760,123.3892485030,119.2590332027,123.7311525377,117.0296719369,109.2011044649,114.0021558561,122.2616071796,95.9723862604,109.0505106833
2024-09-19,103.1189543817,102.2594421769,119.7737519749,117.1562219958,116.0153576950,101.4999254917,93.1027077914,93.7702865228,93.3272172325,104.6627868431,114.6598358892,124.3382536379,119.4469089982,125.5731471119,117.6525753687,109.4023321990,114.3855840709,122.5097622750,96.1356476971,109.7217354366
2024-09-20,103.7061475230,102.5223948503,120.8550854631,117.5883741839,116.0960429089,101.8730814670,93.3453588295,93.9618436261,93.3313184416,104.8274125133,115.1390515651,125.1308560513,120.2614656579,125.5232525182,117.6687566042,109.5335309853,113.3687781344,121.6908609170,95.8432348621,111.0153974434
2024-09-23,104.4566618932,102.9702575934,121.8382950157,118.5074092193,115.5017657303,102.3012460605,94.3309563929,94.6361275513,93.6216446393,105.5000779556,114.6358430851,125.3814129243,120.5883900543,126.3505935460,118.8618020160,110.3907106357,113.4867265684,123.0450431856,96.4184241409,112.0165067825
2024-09-24,104.8460373757,102.8400707884,122.8530752407,118.7773649695,116.1386205757,103.0347190742,94.5013496353,94.6343446703,94.6342353525,106.6110551692,115.6842996342,125.7559641185,121.7647266277,127.0610299633,119.6576139194,111.8568755291,115.3129782535,123.6793233382,98.1333011771,112.9276314188
2024-09-25,104.2941319486,103.1951414135,121.7253373987,118.7361316104,116.8527489636,103.0027751455,93.7269373562,95.3467907675,93.7184890700,106.1908789025,114.7017170027,123.9798664967,121.6602137099,127.5488827266,119.0444848846,111.3278607692,114.2520372569,123.2589682605,97.5272475673,111.7166772309
2024-09-26,104.7510883864,103.4595404487,122.0017284585,119.1559528635,117.6023391164,103.4374609190,93.9954483103,96.3390364460,94.1152995786,106.8836949221,115.1568392293,124.6255020893,122.5565531023,127.6595165749,118.9274979475,112.3182543515,114.5622798887,124.8833430437,97.5445764981,113.3118553334
2024-09-27,105.1720146964,103.4919745002,123.4366058322,120.4568372355,118.2084285606,103.4677634764,94.6231691372,97.6491065365,94.9189036585,108.5748810708,116.5193838699,126.9922675457,123.9012644872,128.9653111586,120.6895061460,113.1316686625,116.8126801623,125.6906602651,99.0600615146,115.0567656118
2024-09-30,106.2270497330,104.6605978959,124.7740596022,121.9383333576,119.1434506190,104.7325709728,95.0425133714,98.4479729067,96.2857193097,109.2130882700,118.3948204096,127.4098814281,125.3391211304,130.2245194167,122.2461891145,114.3252641546,118.8386688802,126.8902882940,100.6281450765,117.0664611875
2024-10-01,106.9804528674,105.3689107501,127.6789676157,122.9534946491,119.2180007586,104.5716921708,96.4607074934,99.9442407202,97.8902693501,111.0090964308,119.7922102617,129.3351841799,127.5335275702,132.0871985597,123.9100083197,116.8511481829,121.1594674561,128.4856831052,102.9059084892,119.5433495975
2024-10-02,106.9025963683,104.9411653894,127.3159685719,121.8385643112,119.4425639825,103.3781211833,95.8807087826,99.1323619406,96.6638750026,109.7624577824,119.0992956315,129.1276267382,126.7964231159,131.2947144340,123.1797299227,116.5086101416,120.5278577963,127.3894275354,102.5706944552,118.5439164939
2024-10-03,106.4462566710,105.4361267020,126.3215786806,120.7549668153,119.4957928570,102.4504152974,94.7932696169,97.9996424935,95.1225379009,108.5356431571,117.8677984390,126.8363100671,125.0066551860,129.6993780033,122.0236676054,115.0989926708,118.1031063136,125.0297609697,100.1230194189,117.9090680255
2024-10-04,107.2414877531,105.9427245085,127.8406092740,121.1721770453,120.4288487105,103.7508700192,95.7429071684,99.2001218025,96.3662546966,110.1768012302,120.6720135644,128.6445572805,127.2873474834,130.9525395040,123.9441550440,116.6351099072,120.6054979861,127.4451767642,101.4471776939,120.0302904294
2024-10-07,107.5582100586,106.2784274769,128.2544780216,120.9764217572,120.1274247506,103.8557639321,95.4213189786,98.8853599309,95.8960430843,109.5258792531,120.7447879430,128.3642115423,127.6759937086,130.5347558145,123.6655363271,115.4777619128,120.6900872242,128.2841255442,101.0313558524,119.9055359327
2024-10-08,107.2454236425,105.4924470844,128.7156783513,120.2462068214,119.9503225705,103.3849321448,95.8792065510,97.3971654368,95.0738627497,108.0218300276,120.9651077657,127.5823825346,127.1065354782,129.3899052248,123.4132830974,115.0802999805,120.0454521628,127.1676661359,100.6228682323,118.9776603523
2024-10-09,107.3345117232,106.4211069829,128.1887480222,120.1152807543,119.3071387084,102.7697201533,95.9307769323,97.5461069156,95.2516374569,108.0660557826,121.9546937745,127.2459074747,126.8934928617,127.2976570864,123.8024482210,116.7147602406,119.4692701044,127.6155109218,100.9825025210,118.6364745904
2024-10-10,107.6016567086,107.4966160123,128.2598846882,120.5105936456,119.7887296826,103.8114316151,96.5542386381,97.6665727633,95.7530739214,108.8045855437,121.6884793897,128.3768494351,126.7384112907,128.2709879684,124.5725200129,117.7148815173,120.6111388616,128.8014013014,102.1567398544,119.4778472841
2024-10-11,107.9299815655,108.7523058444,128.4955929554,120.9190371198,120.8492427773,104.1291405744,96.3568448773,98.1179919037,95.6677882632,109.1579245369,123.7357788366,129.8357288212,126.6106293613,129.1168203796,125.8233811138,118.0945722179,120.2306868012,130.2037719074,101.9599274935,120.7002246700
2024-10-14,107.5090166933,109.3884752168,130.1404792546,121.2876207143,121.3627024276,104.7504918025,96.3052038877,98.3809339936,94.9375579661,109.7503585057,124.5016392256,130.9475235553,126.5686137257,128.7826980810,126.1266081842,117.1200975708,121.0820988951,131.0870983732,102.9787425129,120.2858715632
2024-10-15,108.0409767583,110.2689520556,131.6613099103,122.8979153181,122.3351252763,105.6217450665,96.9313234245,99.3330366466,95.4975399851,111.3627535907,124.4828067162,131.7022243729,127.1631929915,130.4612151983,126.3855622609,119.0523060749,122.5957179022,132.7819907192,103.1471604640,121.2218358127
2024-10-16,108.0983342701,110.2974310561,132.0639401745,122.6783454030,122.9465946036,106.0627737691,96.3063255110,98.9279277020,95.4608584549,111.2826084665,124.3667597425,131.4887490458,127.4721747447,130.2252074466,127.1078169184,119.5098244536,123.1234073104,134.1272518248,103.8035130874,120.7581033595
2024-10-17,108.4086252658,110.2234459755,132.1923501151,122.5655504473,123.2234127933,105.7257562629,95.9793916247,99.4097783149,95.0480003815,111.0720930391,123.6168555865,131.7583297592,127.9818871350,130.4024335466,126.9943728984,119.6417833073,125.0850966981,133.9066415361,104.7913006053,120.9985161028
2024-10-18,108.0535519409,110.8791193817,133.8736778593,122.3393859076,123.5150890658,106.1219330248,96.2611683366,99.8956832113,96.3645032407,112.0275783099,123.8892162497,131.4521584593,128.3388216760,131.3401069057,127.8407141484,120.2754374401,126.4006762875,135.2503284179,105.2968182968,122.2348120884
2024-10-21,107.7217990442,110.7964176534,133.2739723931,122.0666681221,123.1520576360,105.2632249207,96.3438686295,99.7763646919,96.5258252520,112.4257900910,124.2417863232,131.3382504545,128.0170797505,130.9150098084,127.7590295064,120.8186405382,127.1690740648,133.9775160520,104.9716672996,121.9086564286
2024-10-22,106.7572604834,110.7316786927,132.8438748455,121.1956166925,121.1146728615,105.4940807009,95.0493165315,98.6613446386,95.2192622806,111.1609556877,123.0715157940,130.6246427582,125.5059306895,129.0291929598,125.9294766786,119.7637092759,125.0415817798,131.4095162760,103.1395516104,119.7182838188
2024-10-23,106.7472395058,110.7669450703,133.7637477804,123.0106600812,121.4822104979,106.8700130459,95.7730734307,98.6040294585,95.7020429184,111.2991696074,123.5751580204,131.0108314421,125.9378602275,128.8884977154,126.8720523560,119.4684562571,126.4620938519,131.7556645309,104.6345254729,120.5899790450
2024-10-24,107.9746524497,111.4374961325,135.3659594639,123.3336109525,123.1974839844,108.0697722168,96.2983488346,99.4585967851,97.0959878673,111.2839542451,123.7698414997,131.0813247885,127.6538254918,129.1533362606,128.2356404932,119.7053245716,127.7580258359,133.1562467755,105.6105906711,122.3328663796
2024-10-25,109.1579709837,112.9587045824,136.8546467973,125.0311136107,124.6276675516,109.2562994857,96.8297217008,100.1996603640,97.6917304257,113.3762455720,126.8267079354,133.6841699465,129.5570571106,131.9275177253,131.8636425361,122.6344114070,130.5264450441,136.6392261761,108.6314305724,124.5502834987
2024-10-28,109.3394288043,112.1878647606,135.6041018905,123.9828065292,122.9416830842,107.2112217428,95.6000053504,99.4009413160,97.7329745951,112.2830132921,125.8310977041,131.8698675660,128.2072002108,131.6882928864,130.3497176850,122.4024509908,128.3827476884,134.0852125351,107.8856279951,123.6273684933
2024-10-29,109.6021895583,113.9325515394,136.7922119462,123.7802314714,123.9715297920,107.2233217133,95.8357480232,98.4395221035,98.3121694492,111.8151672436,124.8884560898,132.1323301130,127.1793596222,130.2602088409,129.0827881692,121.6552580659,128.0115102336,133.6552125398,107.9090641727,123.0726889548
2024-10-30,111.0329801324,114.0175143416,136.7222661984,124.2956013832,124.0227235104,107.4391498117,96.3596649986,97.8885044322,98.7039556783,111.1141092855,125.0130236870,132.7412197810,125.6225165429,130.0982007652,129.7103116695,121.6349566233,129.1861699894,133.8040152515,108.4518013246,123.4066573130
2024-10-31,111.4955983303,115.1396486704,137.5404821898,125.3893980308,125.4244686082,107.6005992717,96.5999113613,98.8897530719,99.3214238582,111.0425762777,126.2204978492,133.5710744932,125.8717758416,132.3735539631,130.8921862784,122.8636599704,131.0831495278,136.3060330568,110.2092600727,124.6623096586
2024-11-01,111.6904736390,115.3179345931,137.6406375265,124.7268741984,126.6688597720,106.9529957558,97.0306258426,98.7821276066,98.4148878039,111.4182396185,126.5521358132,134.0337394068,125.6355248522,132.9482665843,132.2399508286,122.1176557147,132.8791819591,137.8493726656,110.4617268025,124.2993109266
2024-11-04,111.4853702376,114.0712342438,137.6320929523,124.3270195535,127.1975070835,106.9930021154,97.2794208441,99.2670512086,98.3230411323,110.7521217301,126.7895344481,134.0921664433,125.4864092637,131.5118053990,132.6867723502,121.5919844756,132.8428636371,137.1069853765,110.6704128592,124.6923986130
2024-11-05,110.3958237731,112.8083302173,137.7283811061,123.1094978572,125.7181176477,106.6848373213,96.3233697880,98.2578588105,98.2908708006,109.8726658267,127.1602604442,132.5516623521,123.7930031071,129.4428291150,130.9007180199,119.9334806231,131.4829563724,134.5100861012,109.1301970294,123.3950444528
2024-11-06,110.1937558169,113.6124389382,138.8623343778,124.7015967230,126.9407120552,106.4159272257,96.7636423961,98.5726455341,98.0326040395,110.3159095221,126.9575740712,131.0967406846,124.0344296350,129.5869036479,130.8873049605,120.9993511826,131.0443331395,135.7197632151,109.2518682358,124.4058895166
2024-11-07,110.9313125886,112.9384811875,139.6627180933,125.3432387511,128.5072156289,107.4318087907,97.0408086650,98.3675167150,98.9534771371,110.2957462388,126.9193861576,132.1693844324,125.0372064265,130.1948952630,131.1665406184,122.6953263074,131.7581078823,136.1188428938,109.2046968952,124.7117953945
2024-11-08,111.2746000254,112.4353505863,139.1022935594,123.8358688000,127.3155104737,107.1586268450,96.2970746168,97.3248157172,97.6324042507,109.6601998256,124.4134738880,129.9833808601,123.2965636034,128.7805408701,130.2397535342,120.7468183873,129.9170225212,133.3351623651,108.1496061421,122.9079172453
2024-11-11,110.9111669164,112.7890350036,137.9718678487,123.9951573879,127.0276706102,107.1416660964,96.3020892604,97.2712505301,97.6693823789,109.5140858606,124.5733295449,129.6902709026,121.5355518949,129.1283963310,129.8891116642,120.2293805259,129.9962842707,132.9368949092,107.7307128012,121.6686584618
2024-11-12,110.8958975512,112.2979935671,137.3094451267,123.1544032548,126.6500664103,106.7089685028,95.3649267122,96.7575590339,97.4696976806,109.3366305943,124.0095256116,128.8513573501,121.6422851402,128.1183130718,129.7517830343,119.8011747232,129.3299199892,132.5523765170,107.5339064547,120.6967367892
2024-11-13,110.9626455093,113.3008040272,137.2153662136,123.5121706028,127.7430706860,107.2931655648,96.2158323510,96.8637358039,98.2624524448,109.5813458758,124.6007387974,127.6263080709,122.0559990326,127.4421937649,130.6743360791,119.4698010504,130.8563757614,132.9610394417,107.4708561070,120.4229707798
2024-11-14,111.5125320122,112.9616378956,138.0023601179,123.1174752198,128.1282218627,107.8830745535,95.5284230418,97.4210185048,98.7243807732,110.1697919497,123.6335312949,127.1537944734,121.6776235173,126.9740395894,130.7423266642,119.7210042491,131.0414159665,133.5349028816,107.2605938584,120.0335028503
2024-11-15,112.2440182064,114.3033980101,139.6774161137,124.2996419610,129.4358699147,109.0874734587,96.8781680765,98.3238519230,100.0384335307,111.3726986090,124.0086162704,128.5723226989,123.1234221573,127.7650465114,130.9884905169,121.0828893307,132.9452885460,135.8507919548,107.9778156708,121.2134812780
2024-11-18,113.4277586537,114.9961186496,141.4303071006,125.9035442864,130.1956172257,109.2102229145,98.2302462831,98.6903412944,99.7098563312,112.1973879918,125.0245795830,129.3558683601,124.1587529622,128.7948274836,131.4233749334,123.0654659522,134.2995281636,136.4452310250,108.6066711996,121.6293124056
2024-11-19,113.7671902363,115.5312538146,141.2272757062,126.0283514705,129.7190082652,110.5252620682,98.1621936591,98.8253155071,100.6797204483,112.8318151473,125.9777961920,128.8691960331,124.7890501266,128.6258933454,132.3394714151,123.7312229856,135.2568802665,136.6937880949,109.1612604643,121.9546402642
2024-11-20,113.3664531397,115.2040849594,141.3524626244,125.2047191941,129.3451330712,111.2653699906,96.9220787411,98.1792528323,100.7959384471,113.1845516936,124.9314516934,129.2147543517,124.7335131622,128.2987718230,131.2578203008,122.5977699267,134.8422391822,136.0620874941,108.1817209916,121.4771424208
2024-11-21,112.9201338019,114.1465637677,142.6474087510,125.0977667357,127.9803708610,110.9358273460,96.4151675740,98.3094622185,100.1564735736,112.4783863239,125.0470936527,127.7114151649,124.0880191392,128.3866561562,130.6312064454,122.9181317178,134.1325068045,136.1008338166,107.0102775194,120.5403574881
2024-11-22,113.8125647882,114.1572919594,142.7240035786,124.6615492853,128.3232298278,110.1997130827,96.9277861425,98.4408819935,100.8622411065,112.6188729757,125.0807312232,128.7376143197,124.2006004395,128.2901017931,132.2131443948,123.3763428061,134.5577491130,135.8917469041,108.0321774469,119.7925615403
2024-11-25,113.1342321419,114.6934816731,143.4361691338,123.8832067944,128.6408885342,109.0303708653,96.8012684966,98.2047341705,101.0224281289,111.2245789348,125.0535613261,128.6019007372,123.4604655791,127.6450731156,131.1692943915,123.4747227093,135.0055155372,135.8775951626,107.2035755590,119.2884814620
2024-11-26,113.0446606910,113.9774842313,142.5476631395,122.9949892236,128.0801260998,109.6199480161,96.0573378628,98.3606666489,101.7447241147,111.8980025377,124.7752595181,127.7592331458,124.0606912414,126.4023746441,130.3369399984,123.1369558806,135.8235002533,135.3958997970,106.6079748815,119.3843461540
2024-11-27,112.7804961903,113.9148811167,143.3857729834,123.3410405698,128.5152266032,110.5926050437,96.7678028328,99.1954869174,102.2871784432,110.7701987874,125.8707030322,127.7275794959,123.0546038925,126.5132832421,128.8626599030,123.5674291475,135.5468987955,136.2720853958,105.7865774101,119.3181903975
2024-11-28,112.9506803681,113.3511954629,143.4846809158,122.5266543748,129.3310184509,110.7364083709,96.4373112141,98.8039766948,102.4928363120,112.0020857963,125.1793085651,128.1356790523,122.3292870684,126.9893936565,128.4857907462,123.6446032310,134.8566460011,136.3325692104,106.6354896502,119.2759195713
2024-11-29,114.3891361092,113.5025307154,143.4143391353,124.0186872055,130.5680108455,111.4580898688,97.3506769628,98.5895747494,103.4122478534,112.0254194393,125.9217753176,129.7887619292,123.9124524390,127.1998193747,130.4812832565,125.5680269691,136.3943679589,138.9687040535,107.8801096206,121.9962839906
2024-12-02,114.2913492052,113.0502954689,141.6559397409,124.1773968496,129.6746647887,110.5292092436,97.4585781775,98.9575141875,104.1677495052,112.6755112603,124.8980237743,130.4629094155,123.7281167162,127.2561663392,130.5367593592,126.4177367761,135.9029885585,139.4729804197,108.6995853050,121.6335032576
2024-12-03,113.9822610213,112.8485901817,141.5665134701,124.6027748781,129.8524516833,109.9538568758,97.6674336406,99.4050739071,104.5021345237,113.3478736351,125.4953110478,130.0146513510,124.3575448519,127.6962678996,130.9660778495,126.1904530702,136.8556712928,139.4865983318,108.4893451757,121.6273427793
2024-12-04,113.8313650745,112.4489658034,140.8213087536,124.3090462533,128.6539439827,109.7481310143,97.2276614723,99.2041848612,104.5937936711,113.4227590291,124.9915360156,130.2067307974,123.7766048430,128.4102960972,130.4182384011,124.8790794226,136.4568895583,138.7054765721,108.7081615715,120.2174559370
2024-12-05,113.8844147063,113.0211476348,142.2972220408,124.8750810706,128.7943452971,111.4753835182,97.3626084223,99.9084633739,106.3019772815,114.4739250150,125.7178153566,131.7539388960,123.8034865797,130.7366716505,131.4253303510,126.0434191668,137.4442367034,141.5279610691,109.7318235098,121.2525533417
2024-12-06,113.0386247387,112.6638907098,140.8923304671,125.1556197413,129.5817333059,112.4391034329,98.2680878465,100.1006744584,107.4393989506,115.1595911575,126.5279168000,132.7979984270,123.6985363588,130.8613194972,132.2862402539,126.8421874141,136.8244802238,141.6085641681,109.8468474890,123.0560184022
2024-12-09,112.8844613448,113.6367828782,140.8735100678,126.1984364676,131.1915160352,113.0224444593,98.6075779086,101.2469993269,108.4261182971,116.0035290352,127.1051361932,132.2727671055,123.7364232631,132.4179127723,133.8661212766,127.3762125463,136.9277579836,143.1363089901,110.0474018025,124.1933959668
2024-12-10,114.0368048682,113.2027395426,140.9468373614,126.6045175226,132.7858744377,114.0044253472,98.3435460395,101.8342181974,108.9418355010,117.0379366763,127.2112433718,132.4026670068,124.1731446976,133.5918055234,136.1616891270,128.0238750695,137.1601916797,143.1526242565,111.1911721322,124.6984810939
2024-12-11,114.1920124735,113.1611882855,142.3141661196,127.5588170037,132.8601827419,114.6319350768,98.5211519469,102.3459616695,109.2712295903,117.2724001733,127.9043019074,133.6917453857,124.7724001887,133.8341354858,135.7925814178,128.5075813667,138.4318252697,143.9770515026,112.0578800061,125.1326914421
2024-12-12,114.5936341770,114.0774603083,143.5698563229,126.3194137262,132.5558145108,115.0646513119,99.6427300023,102.1757331799,109.9143236538,118.6688369621,129.5749264921,134.1532496496,126.0936815123,133.7796541177,137.6589798852,129.5524131647,139.6776556010,145.5617902665,113.4468126650,126.4284468822
2024-12-13,113.5789098979,112.6618392012,142.7073886410,123.7135223686,131.3586372228,114.3531092893,99.9055560954,101.6994134064,107.2321467592,116.4614537817,127.9356323158,131.7564613917,124.2986504042,131.3140146786,136.0553134831,128.9032402139,137.4574578773,143.1067258626,111.0674868008,123.9267388584
2024-12-16,113.0061786529,111.3855576969,142.6496363145,124.2004315455,132.0875012019,114.1940499678,99.4733975235,101.1351424315,106.9532011822,115.0748039007,126.6248831665,132.4765297571,123.7938879317,130.2576973873,133.7428368722,129.0044860715,138.1444265786,142.0092027220,109.7244158159,122.9880892807
2024-12-17,112.0484734943,111.9367307502,142.0003983389,124.1777468645,131.4831649573,114.2630185048,98.5179824264,101.0804121545,107.2620935780,114.3389822730,126.6619125174,131.9152430574,123.3828943971,129.6752856551,134.1536666017,129.6417981594,137.2027066423,141.0812377566,109.1716782210,122.3057106325
2024-12-18,111.7274993223,112.6749178104,142.3512870769,123.9102748422,132.1800324926,113.9530456245,98.7485635819,101.6575535207,107.8560252774,115.4071934090,127.7136879970,132.4470084749,124.2687711214,131.2937291739,135.0271374775,130.1933604737,138.2449088718,143.3375419244,110.1695694663,124.8481489628
2024-12-19,112.5698530726,112.5063489099,143.1497349932,125.1009128041,132.4228536016,114.4369662399,100.1087919631,102.1839856610,107.9421873441,115.1745818965,128.5728257644,133.0371606021,124.3411239127,130.8969888857,135.2856991956,130.8935077146,138.6756007426,144.9638970707,110.9783333119,125.8006930588
2024-12-20,112.7607588609,113.5812648131,142.7873780475,124.1709872944,130.9389252845,114.4339716306,100.1712659111,102.5859093886,108.6963921641,115.1670658102,128.0043458528,132.4201215660,124.3742734493,130.3510378669,134.5585010787,131.2433306245,137.8743338520,144.7280902773,110.6228406679,125.4848547420
2024-12-23,111.9292485680,113.3216176809,142.2761311501,124.8084797190,131.1388911379,114.3065311330,100.3373703966,102.9013853715,107.8841752574,115.9323531960,127.3461125443,132.4131603331,123.4930672402,129.8741954669,133.8197584028,132.0809837188,137.4800763125,144.6393113585,109.5337536838,125.5191296711
2024-12-24,112.3794491605,113.1094730883,142.8940510061,125.3613097952,131.0387251339,114.4911408384,101.6770907947,103.8343002792,109.2728067230,117.2163130758,128.4094774086,134.0024110795,124.2470406661,130.5320489804,134.6771253140,134.4099158037,138.4224796369,145.4333764992,110.8895511543,127.0261902132
2024-12-25,112.8849116596,111.3363572667,143.2785459509,123.4806810502,131.4510279712,114.1584379651,101.2812206777,103.8082099933,109.6224993047,116.2784464745,127.7155261058,133.0313130555,123.5636175149,130.8495664030,133.6955288537,134.5864416935,138.2282932983,144.4179701061,109.7557758698,125.7218545829
2024-12-26,112.8905396868,111.4146742652,142.3383278142,124.1968791044,131.2805400917,114.6229927004,102.1148625439,103.6439335424,109.6696039956,116.8127819131,128.6793454644,133.4289626337,124.4985467155,131.9025058998,134.9527810898,135.5524556230,138.7033275789,145.8214987840,110.4636803970,127.0994015727
2024-12-27,113.9283238070,111.6451964183,142.1029614602,123.6457029659,131.5214136901,114.9615116388,102.6794074940,104.6035878518,108.3116613219,117.3682754682,128.7352496998,133.4615134959,122.8843884576,131.4392871430,134.8350708245,134.6514411348,139.1206938291,145.4909601684,110.9363809392,127.9356355745
2024-12-30,114.8435536009,111.9268672294,143.3201023956,124.3019682876,132.4986486204,115.9299200425,104.1568532922,105.5675292799,109.4410474435,118.5684642926,129.9131613713,133.2288438925,123.5390988268,132.7706275695,135.7004141948,134.7679628037,140.4189977072,146.9288545371,112.4556759293,129.2031422083
2024-12-31,115.2632603828,111.7720040101,144.2804712448,123.3760927182,134.0345873906,116.0022498313,104.6352437564,106.2318120010,110.1990231043,118.8184041714,130.1317074321,133.1040166143,123.7607760119,133.3346332008,136.3252373116,134.9455833832,140.8597811952,147.6651505097,112.9773377671,128.6067968006
2025-01-01,114.9773237412,111.4023674322,142.3126136653,122.1957915767,132.5287426297,115.6392894268,104.6065474474,106.6586068567,109.7317936361,118.0530625623,129.2589593412,132.1195586058,122.6231758689,131.4085117190,135.1164947090,135.7543016672,139.3787522947,147.6967498714,113.4611913681,128.3980657859
2025-01-02,113.8366374155,109.9748471561,142.7525134061,120.8827729731,130.5366464675,114.3069355596,103.7110349828,104.9190562041,108.8947049279,117.1771875423,128.6984737916,131.0554611089,121.2908689090,129.4073221616,132.2279894868,133.0928056867,137.2843864562,145.9949080294,111.5457018432,127.3376680971
2025-01-03,114.2768372131,110.9769066055,142.1275742399,120.4272365747,131.4053794997,115.0718230286,104.1192794506,104.9698668309,109.3566227546,117.4857707618,129.6505594225,130.7402504392,120.6128008218,129.6412583388,132.9699584194,132.1482774914,136.5218048738,145.5019883112,111.1177864847,128.1422009259
2025-01-06,114.9006495131,110.3655924356,142.2857771125,121.0135815150,130.1275240377,114.2097369359,104.0153759773,103.7603433938,109.0367522915,117.2950429765,128.5081651759,130.0816582564,120.5632814782,130.6226835860,133.2005178367,131.7165967576,136.3833143359,146.4865975596,111.4219313816,129.0241238560
2025-01-07,114.7942460746,110.4083440807,141.8819218949,121.8213576280,131.3113347725,114.6756271111,103.7558109161,105.2272065703,108.9104152477,118.0483328801,128.6129925708,130.9442083620,121.0493559943,130.4276429813,133.8038910912,132.6985064798,137.1603787840,146.0102714891,112.6761055319,129.2459035407
2025-01-08,115.6662576116,111.2787250956,142.1601367541,122.0960536344,132.6634766745,115.4717716298,104.6056069782,106.1825937175,109.4076732452,117.9151624605,130.2131310899,132.1688588137,121.6652226655,130.9233237854,134.4586654238,133.7041385965,138.6726186740,147.5646108393,113.6863110307,131.7411832201
2025-01-09,116.7785504010,111.5077455638,142.3441932585,122.0827145714,132.6397959435,116.0603327687,104.3886600237,106.5083904089,109.3801560516,118.4389825528,129.9153863177,131.4558643144,121.2886482592,130.1504223361,134.2676558340,134.0312519982,138.8968472682,149.0426669618,113.3226849707,131.5914357381
2025-01-10,116.9134644660,110.8828328047,141.3000724759,122.0444578259,132.6570250562,116.9122570034,105.0477669378,107.1177732094,110.3704306716,118.8911322904,129.7122548497,131.1415892227,122.3612488588,129.5766212446,134.7542296135,134.1121559684,138.4372498179,149.1790107688,112.9742039867,133.3075384887
2025-01-13,118.0784856779,111.8800639402,142.0320981982,124.0175243872,134.9343337994,118.5404600297,106.0610193388,108.8619133256,112.2355188260,120.8099682652,132.7819552784,134.3923957540,124.4106010301,133.3552749921,137.5228447685,136.4520013829,140.9237635452,152.4908873664,116.2761650971,136.5339884352
2025-01-14,117.6439473262,111.7647336308,142.0789250146,123.3537914623,134.5678721119,118.4799973450,105.0276646942,109.5121599402,112.2131488664,120.0919545482,132.5356399326,133.5260880394,123.5429855678,131.5999246363,137.6032536814,135.2077702524,140.4213194052,150.4865715493,114.4413782205,136.0080589994
2025-01-15,117.5855703836,111.9055949103,143.5319116309,123.6903432115,134.0631812727,118.8046433754,105.0323368515,110.5954024768,113.3018974445,121.2794228890,132.9706500524,134.1810364139,124.2342859540,132.8346931391,138.8193293816,136.0186741557,141.4908295677,151.4873636289,115.7436099827,136.8022838632
2025-01-16,118.1758981411,111.3239832265,142.9637799239,124.1450171025,133.9908234893,118.3531946002,103.6195087859,110.4727159971,112.0410965914,121.0618405172,134.0730666140,133.9879040836,122.7614121768,132.2817588551,138.8634235304,134.7988151190,142.6443329416,151.1992612912,115.6119275828,136.9322287690
2025-01-17,119.7012691425,111.9020216038,143.3161320447,124.8369405295,136.0015276714,118.6838861243,104.3663216738,112.2282866808,113.5424582867,123.3278891346,135.6007483719,135.7348631850,124.1389191958,134.2691103778,140.8754455759,135.3348852129,143.8845889807,154.1577423992,118.3664483826,138.7132964362
2025-01-20,120.4728397504,111.6401747707,144.3558710786,124.5263866544,135.6467668640,119.7599775803,105.1017061643,112.9837575759,114.7704983951,124.3386588495,137.3205292743,136.7328213703,124.2640133617,135.7057627155,140.9947089142,136.4645652624,144.7361703588,154.7859698359,119.0254179963,139.6471372076
2025-01-21,120.8818976222,112.7647570912,144.6772047091,125.0138957427,136.1785735558,119.8624493464,104.8023130765,113.2683865472,115.1437651258,125.0249129298,138.0179257933,137.0494712098,125.0330908122,136.4627119038,142.1908316622,137.8857016936,145.8091858800,156.0994526592,119.4245982160,140.9321891002
2025-01-22,120.5560041571,112.3142462123,145.7588845175,124.2805736547,135.1425419100,118.9506674670,104.2768356466,113.9224488525,114.8327149848,124.9622782781,136.9043783697,136.3260357437,123.5488222528,136.6035398797,142.1565604605,137.9099830773,146.1037021419,155.1034259771,118.5009342637,140.8142866742
2025-01-23,120.6154071815,111.9769959640,146.0114024523,125.3484958451,135.0207509664,119.1377487159,104.3509420099,113.8605804623,114.8028029905,125.1902557130,137.7841247334,137.1252182504,124.1779557253,136.8610064053,144.7258014153,137.9727579814,148.0874625402,154.9916534409,118.3644095729,141.2693314831
2025-01-24,119.6854853152,111.5409499666,147.1333620953,125.9733412862,134.5976024121,119.8213336678,104.2307757543,113.4826517313,114.6156397167,125.2110575006,137.7278997045,137.6214689500,125.0886439664,136.3845141680,144.1634420192,137.7690173643,150.0504208536,155.9619145852,118.4951782971,141.6858089826
2025-01-27,120.7266238027,111.5835655184,147.3158103363,125.5212822398,133.7926515608,120.1849807670,104.9960686473,113.7134544250,114.4232010864,125.4537159949,137.9273583568,138.3228515565,125.0878156096,136.4752174651,143.7996018368,138.0138096158,149.8465629747,157.4148733274,118.3269197148,142.3020117891
2025-01-28,120.0185616252,111.4526334093,148.2220590408,124.2623758111,132.6064412691,119.7978352725,103.9182390356,113.0899706435,113.0822389873,124.2420707753,137.0028914988,136.8885891341,124.3729642422,135.8956635216,142.0917394427,136.8113228382,146.0092401930,155.8185998603,116.8683250801,141.2749014956
2025-01-29,120.2533176378,110.7619069666,146.0465685957,123.8738776769,132.4327116713,119.4733495274,104.0954635666,112.8734607580,113.1005836329,124.5277658660,135.5394311746,136.5510505117,123.9429028776,135.9150604693,140.8119908929,135.8623556851,145.6423495860,155.7472721703,116.9486109237,140.7874334076
2025-01-30,120.9775885862,110.7209412279,146.0696341107,124.4176526605,133.9194389378,121.2879217672,104.7735086792,114.1600927513,114.3413157561,126.1980556402,137.2240026616,138.4201583031,125.8052534832,136.4675975716,142.8489091059,137.6358097766,147.4526929321,157.3135613035,118.6028573796,143.3674054190
2025-01-31,120.9935410273,110.2246335267,146.2733648882,124.0614752455,133.2722365822,120.0873530182,104.0690823599,114.5697600721,115.0462862098,126.6425658145,137.1364337251,140.0719756797,125.8439517582,136.8745197502,142.5213031825,137.9350046008,147.8297504037,156.9412013471,119.1041315924,142.9258688663
2025-02-03,121.9620528522,111.2232000291,147.9332011518,125.4038943946,135.8862430929,121.9568231866,106.3396784682,116.7603930575,116.6582189562,128.5676682660,139.6189187974,141.9616298669,128.7904357351,139.4712795562,145.8872398181,140.1520275921,151.8420152569,160.6393874223,121.7926462970,146.5140075303
2025-02-04,122.9184579378,110.4081030828,149.2714392515,125.2781751842,134.9373875324,122.0613489907,106.9355619253,117.1760258583,116.5301653254,127.9935113071,139.1656543873,142.7934181700,128.8217253837,140.3768832586,145.7119815472,140.9095004353,151.9391857403,161.5233920516,121.7882288496,146.5495760749
2025-02-05,124.0480043124,110.1918712696,149.1642083402,126.0620137369,134.4957011080,122.1272320113,106.8627898825,118.2099919560,117.3102849508,127.5521111083,139.7896870009,141.5332501046,129.4948799458,140.3170653194,145.7717368466,139.8063529717,151.8626052157,160.9062784562,121.7640547792,147.9314867127
2025-02-06,124.9619536205,110.1923240686,148.1905715948,126.4193702648,134.2491827599,121.7488110632,106.3588287320,118.3240536357,115.9083383191,127.6333692340,141.0306427966,142.2341228092,130.2659617381,140.8931790511,147.2220075797,140.2803250766,152.7978842195,160.2633318939,122.6010195914,149.5086331590
2025-02-07,126.5123985240,109.8209971941,148.7801759743,127.0347483232,135.6180528077,123.0006203604,106.5091839536,119.2206355907,116.7695829695,127.6904912601,142.2239249486,144.1032055590,130.8812914011,143.0831310969,147.5422641100,140.9392319878,154.9422762432,162.2315338693,124.1082154292,151.0510361026
2025-02-10,124.6599394649,109.5733795162,147.4654925521,126.3853256192,134.3299255728,122.8011539395,105.5015371815,118.7883098739,116.3645251961,125.5889394012,142.5039571356,141.5457110431,129.2526165386,143.7178026680,147.0444396247,140.2847747228,155.4079785678,160.6665918682,123.1874290485,149.6114993780
2025-02-11,124.0673714591,109.5051043697,148.3888886587,127.2428235197,134.6361914236,124.3012002363,107.3331539931,119.5086974662,117.3579949796,126.1118376201,142.7244433279,143.8092728624,130.2363000990,144.8427734771,149.3720460633,142.1876425298,156.2906755293,163.2549742917,124.3424931550,151.3628208905
2025-02-12,123.4627312014,109.5240336075,147.1122393778,126.9671915229,134.5745295547,123.3993853775,107.4008604187,119.2265345237,116.8222258608,124.8329800287,142.4036374703,143.6175769306,130.2815541968,143.6424708819,149.8244461930,142.1772686657,155.6995425631,163.2580719360,123.6613185164,152.0965349054
2025-02-13,122.6619979309,108.5341209214,146.1615336152,127.4949638415,134.3935062257,122.7496417419,106.2802139166,118.4994048056,116.5923174546,123.7133288359,142.1921056408,142.3204441170,130.2776579260,141.9262290496,148.9781983375,141.5915777224,155.7827624817,161.4647413388,122.9133101540,151.3337054674
2025-02-14,122.1090683739,107.9218873626,145.1637528356,127.4956669029,133.8870822260,122.1889666545,105.7728420630,118.0203381992,115.1653441758,122.4895659775,142.2545067572,141.4868933912,129.6529035527,142.2805390022,148.7817252552,141.5568977677,155.2690160222,161.0493654586,122.6734871766,150.2182811553
2025-02-17,123.2438091431,107.8315102366,145.3350137790,126.9970029368,133.8494169310,122.7256149237,106.0319308565,118.3975410602,115.2975029411,122.9590633967,143.1663005910,142.3975596833,130.3471023395,142.3880356912,149.1442776726,142.9774203024,155.5715923142,162.6525740431,123.0958154925,151.1120059025
2025-02-18,123.5164028287,107.8773761946,146.9249342132,126.0066700999,133.2197677544,123.7753887766,106.2490410129,118.8615502477,115.7012495972,123.6841203367,144.8674666425,142.9830780737,130.8519870548,143.0146413587,148.5298630838,142.4042768932,154.5080967792,162.8358612639,123.9299646556,151.6507087174
2025-02-19,124.0209030426,108.3459357225,148.9170634819,125.9280480067,132.3795254742,124.5513587387,107.5873203439,120.0973483930,116.3893170215,125.0453263806,147.1939601518,144.2940362960,132.0166722088,144.1882225779,151.1162988194,144.5376251523,156.3134968107,165.3431670263,125.2418620861,154.0376973050
2025-02-20,123.4800820803,108.6113129639,149.3032141468,126.3157257177,132.3596484601,125.7457732316,108.1700356421,119.7653621882,117.5697082940,125.3356962142,147.1417890053,143.6073723666,131.6102092150,145.2484525608,150.6883281495,145.5353283642,157.2730851211,165.9673095866,123.8665624721,153.4658132421
2025-02-21,122.6813743673,109.0660178516,151.9113080542,125.8986896673,131.8243842622,126.5546886136,108.6736548875,120.6525125993,118.1566931960,124.8264883465,147.3392029708,144.3170333241,131.8250609929,145.5742652429,150.2417988152,145.8697789086,157.2608840388,165.1999821072,124.7026608049,152.7412738952
2025-02-24,121.1615588210,109.1393267748,151.7931311493,124.9140086007,133.2922422837,125.7606436707,108.3561664249,119.9991444559,118.0063060077,124.9087893087,148.6796981938,142.4273302378,130.9692096404,144.5045840477,150.8461532169,144.8231624037,156.8216218738,163.9009216412,125.5168854824,152.6705990317
2025-02-25,121.4499742081,108.7974072981,151.2368180690,123.9765413983,132.8638307274,125.0567077589,107.7897353330,119.9537578515,117.7801050130,123.0188078625,148.0704796220,140.6861403416,129.8748743183,144.7483815573,149.6799597510,144.3966401429,155.3225308118,163.2703075686,124.3707333651,151.0327512600
2025-02-26,122.4984826458,108.9849885659,152.5314324878,125.6158982941,133.7030711886,125.7930557960,109.6507860921,120.0682203677,118.7517237185,124.4247814327,148.6813836913,141.4650011822,132.5999291458,146.6692004593,150.6157226706,146.5567912191,157.8813205281,166.0328478569,125.1301876432,154.1172078601
2025-02-27,122.7949398859,108.0817275390,152.9852255460,125.7189085106,134.5819425978,126.1784854145,110.6695970633,120.3974822524,118.2032351662,125.0022926526,148.9789399313,141.3658307228,132.5607329387,145.9882086020,150.1345650061,146.3246556531,157.5885621881,166.8875722502,125.0577846366,154.9307509057
2025-02-28,123.3419305981,110.2152543637,153.5430415777,126.3843042219,135.9266531237,128.5790901283,112.2189687639,122.0082732827,120.1951688641,126.2506636119,151.8588828028,144.1096370363,134.9614360179,147.9879514312,154.7155395407,149.7333676976,162.1224962783,171.6029155040,128.7793863201,158.4108161589
2025-03-03,123.2254726104,109.8260277535,153.5324042298,126.1594630601,136.7776632999,128.9341928022,112.7932377642,121.8306501161,120.9732091504,127.0580451996,152.1575372551,143.2429881120,135.3376997191,147.0739313642,153.7862932313,150.2110220418,161.0697521004,171.8322997819,129.5936601604,157.7679904015
2025-03-04,123.6707849802,110.2108636847,153.1894325512,126.4155316795,136.5610570519,128.9785017781,113.4350820042,122.3446842686,120.8741342488,127.1455668141,152.8618395795,143.7397344610,134.3910900105,147.2113948996,153.8315673602,152.0205380675,163.1571298863,173.9002999138,129.3266434781,157.2241899873
2025-03-05,124.1713902584,110.2131614806,153.3095405822,126.8682582736,138.8704489608,129.3064730517,113.9435816456,122.5158020818,121.2377578559,128.0789591276,154.4040494369,144.4632727679,135.9271467061,147.8420839699,154.1102974273,152.9299978105,163.4805607270,174.9426421564,130.1146334926,157.6601687728
2025-03-06,125.7324066683,109.9054704144,153.3019458151,127.1543435792,140.1963580822,129.9846864582,114.0180750210,123.3338023336,120.9893679937,129.6481036693,155.3066976415,145.4954674657,136.3156176240,149.2686636110,154.7005862418,154.2880163070,165.0099763023,175.6863205930,130.2956971865,159.4686313739
2025-03-07,126.6428209173,110.3268369619,153.9401109732,127.2445539522,141.6947424410,130.2272661337,115.2957025877,123.9636425080,122.6672922485,131.5709016282,157.0005121504,145.5971273341,138.1118600097,151.2805076699,155.4389722346,154.9891329828,166.7627808566,178.5459885615,131.3969454509,160.8098588606
2025-03-10,125.7738482149,110.6102883962,153.9080504475,128.0060716105,140.7874242881,128.3897810651,115.4773803445,123.6226031653,120.8721017622,129.7675323189,156.7178557386,143.4593654611,136.4581498320,149.7971064113,155.4954969273,152.5157045199,165.7820500221,177.0967184695,130.8791046192,159.8470436772
2025-03-11,126.0877153871,111.8589854693,154.1463536886,128.2558015939,141.4635913227,128.8486690871,116.5425379704,124.5017914871,122.8618513774,130.9308500858,157.7420354129,145.3468002123,138.3834080430,152.5475898350,156.6771252782,154.2007518109,167.2242762810,177.6694612742,132.4717880918,164.1371116276
2025-03-12,126.0265340752,112.6165876141,153.9735125126,128.3720826942,143.1175426856,129.2237033977,117.7287920093,125.0365129574,123.9034500314,131.3831718003,157.9133594671,145.5148428789,138.7007530176,153.7866887413,158.5795582637,154.8581774409,168.3905691464,177.5971345982,133.0007093376,165.4975099989
2025-03-13,125.7637886054,112.1178190786,152.0294053427,127.9573952328,141.3040324171,128.3256606235,116.4803985807,123.7538818951,122.7826780854,130.3393329531,157.8478113843,145.0308110592,137.0472178862,152.0989185986,157.3662321221,154.4257757947,166.4214360760,176.2331716789,131.7789826237,162.8859657551
2025-03-14,124.3728880974,111.1990548715,151.0547370005,126.9258581424,139.7885111155,127.4409096529,116.0211195776,121.3553008298,121.5085458769,128.3616792215,155.7692873570,142.1041560055,135.2753731673,149.7775576069,154.2622685493,152.3886066741,164.2138961852,173.3371135529,129.8242537658,160.9967260605
2025-03-17,124.3389211791,110.9213556488,150.7786042466,125.0895792598,140.1306251026,126.3030681035,114.9983718979,121.0816770403,122.0930374832,127.5789804068,152.8907114313,142.2208856618,134.6523632440,147.9592532698,152.9297058732,151.9585791145,161.2976771995,171.3081389794,128.8839098102,159.9692897416
2025-03-18,124.2636488405,110.3244951295,151.1634688889,125.2816679294,140.7037336955,125.9771824787,114.6020200886,120.3425721247,122.3916681623,126.2038894912,152.6769085192,141.3952994552,133.7381320024,147.1718661749,151.5504763637,152.6230483752,160.8438318750,171.1438130287,127.8458809834,159.7614454383
2025-03-19,123.4887702915,109.5423593858,151.4156828847,125.3495479090,140.7531266799,125.0295352946,113.7173703445,119.4200474454,120.7456536879,125.0497106455,150.2403917784,139.6581779805,131.4565465823,145.3035925471,149.8013953268,150.2503557536,157.7080808281,168.4121508073,126.8209679672,158.4508143673
2025-03-20,124.1848321447,110.4652104461,151.0296526501,125.0971413217,139.5929320853,125.4579945676,113.0643132880,119.3755023503,120.8925841990,124.4260650571,150.9350315657,139.0467699478,131.3850205977,145.7121577694,151.7492265278,151.9503021601,157.7362309063,169.4380869285,128.0054697275,160.8322344740
2025-03-21,124.6429429563,111.1226767504,151.7658519228,125.1518318356,139.7768239270,125.7515736334,113.6985973683,119.8193316765,122.3218624288,123.9863169682,152.4849896097,139.0068629154,131.9762649337,145.4862075430,151.5106883367,152.5090242768,158.6671952877,170.5618157040,128.5971113286,162.2321025243
2025-03-24,124.0637591690,112.6603787992,150.8813201162,124.6733443568,139.4320559848,125.9358664165,114.5263309266,119.0187785899,122.9990911057,123.7207965960,153.7301718579,139.3419700666,131.8908694414,144.6902938595,152.0142337392,152.4544579877,159.6906039301,170.2757934363,129.5488292890,161.3666131489
2025-03-25,123.6207734337,112.8201322069,151.8796281132,125.3524277415,139.6354289457,125.1541738308,114.9746910531,119.1447365984,122.3670657335,123.1645933295,153.4413479359,139.7112011464,132.9960023621,145.1660855431,151.6720899239,151.4635883828,159.9167780828,168.9625337015,129.4884294445,161.3714604094
2025-03-26,123.6264007969,113.4001606295,151.4256389410,125.4429227904,139.2753410269,124.6902570972,114.9811851388,119.7997298748,123.7989612231,124.3872043168,153.5312618204,139.5330775206,132.9672697220,146.5376582668,152.1063020391,151.4957933213,158.9557068871,168.5874616372,128.8174252307,162.5122685346
2025-03-27,124.4954993744,113.1550931860,149.9790765917,125.7875243820,139.8425477589,123.7592118604,115.7579717068,119.7065038664,123.6654333631,124.2915533207,154.0179156160,139.8611145738,131.9481834474,146.5669419034,151.6924568055,150.8464893311,161.5413324000,169.7538161067,130.3344423208,164.0179880997
2025-03-28,124.6574708940,113.0015553270,150.5553780919,126.1290633882,139.2012667629,125.2182986638,115.8181042992,119.6367638548,122.1635676675,124.7011408146,155.4463993675,140.7201811039,133.0520913442,146.5707719824,151.5718574816,150.4845616518,160.0545780818,171.0344228298,130.5835919261,164.3831123144
2025-03-31,125.0069545079,112.8144500592,151.3660647154,127.2501074331,139.6550381160,125.3124016420,115.8220576010,120.4396523569,121.8660747149,125.4049610951,156.7203868878,142.5649024283,133.2856080670,145.9407017990,151.6817767149,151.2088079236,161.4071540963,172.3152389834,130.6280783695,163.7379853549
2025-04-01,125.1411637145,113.4149008955,152.0970682783,127.7059079610,140.3601603747,125.5657126720,115.9621426908,122.0411565443,122.7235360987,124.9984310922,157.3132529129,143.7998940373,135.0717931919,146.6176596936,153.3378142590,153.2041598828,160.9315988657,173.7789062110,131.8708939612,164.5812545993
2025-04-02,125.9541164031,113.9872536701,152.6982951429,127.1918273071,139.6323165259,126.6502415113,115.5170099579,122.4677780752,123.0573271399,124.8709787184,157.7253640032,144.3156299841,136.5602566888,146.6217680538,153.4617086240,153.7491779232,161.0138282377,175.1113062605,130.6872307338,165.4153438151
2025-04-03,125.1939944903,114.1335364191,152.5744585857,126.0043692136,139.0321536168,126.8001218899,115.0609167889,122.0551608029,121.5034959432,124.5255455520,157.9994580757,144.5897465082,134.8703298723,145.9547942590,152.1124546397,153.9682978888,161.2536363323,175.2673149780,130.3195668807,161.5822644864
2025-04-04,124.3284038692,114.2987120759,151.9774444784,126.3764978451,141.1734580350,127.5526445881,115.5903016460,122.6903571941,122.6791002335,125.5221287419,157.0184646389,146.3612908435,136.5998627889,145.6037952836,152.6577088516,154.8016209820,161.5587005080,176.6749370458,130.9932506154,162.4853064587
2025-04-07,125.2113906808,113.2996009531,151.5245023156,126.2965663339,142.5991110922,128.4018675862,115.3575410657,122.6076951109,122.2091444065,125.9342774548,157.2293025765,145.5956252775,136.0257587793,145.2942547182,152.6065678410,155.7670156607,162.6419849725,176.9260971850,130.5273963882,162.3319714552
2025-04-08,125.1325675122,112.9498504623,150.8578221152,126.6262136419,142.2597498126,127.7293440730,114.8875484755,122.3449344317,122.2602424738,126.5279438134,156.4660395039,144.7044176195,135.2030714102,144.3134248093,151.9692715813,155.2585800938,162.4814076294,176.3086247211,129.4418644907,161.3013292089
2025-04-09,126.4831866702,113.5240585517,152.8231461322,127.1445679542,142.5675806221,129.0891300142,115.2784050140,122.6723980544,122.9894265147,125.7310793298,157.5885195102,145.7769415040,136.8958376809,145.6537103401,153.3587892381,155.8375263726,164.6423633618,177.4877535547,130.0818103636,162.3852847406
2025-04-10,126.5266262170,114.0365962471,153.4474806662,126.1802726254,142.2808510953,129.8388398639,115.7364121604,122.2518781399,123.0222668917,124.7173244622,158.0196500690,145.3299198379,136.9862011969,145.9510389135,153.3864581162,155.7043599444,165.2599271208,178.7805351317,131.3560771869,163.3231445078
2025-04-11,125.7012924746,113.4138187953,152.9898154266,124.6397299063,142.2003428566,128.9713906394,114.7718907360,121.1772211865,121.7448656655,124.1324533288,157.7565996323,144.0944337158,136.6874046524,144.0138844277,153.0280134798,155.1724874224,162.9425566418,175.9874710431,130.7968137736,161.0478314845
2025-04-14,126.7659920524,114.1719737251,153.7006570883,124.6049155523,141.7125642533,129.4685212475,115.1367989399,120.3695607068,122.8595173127,124.9692675371,158.6556947012,145.3529639285,137.3093554609,145.2818849990,153.8850818809,157.0212643891,162.8724131719,175.6680479972,131.6700345428,163.2199153067
2025-04-15,127.1766737621,115.1475666395,153.8902798783,124.5729223378,143.5936890801,129.4515932160,115.7558704984,121.7762614699,123.6822537980,125.7791514771,159.1627688420,145.9127005479,138.7373253812,146.0611096209,155.2120150462,158.4689972977,164.3490565636,176.0890201961,133.1588815733,164.8906288965
2025-04-16,126.7428982057,114.7945886078,155.0974780545,124.8957508292,143.5179993102,128.3888222431,116.1976254726,122.2632902250,124.1362625024,125.3829080810,158.7554219051,146.4605393944,138.5863020109,145.2834421482,154.6596835050,158.5867697952,163.7560444789,176.1731060612,133.1021255194,164.2254679456
2025-04-17,127.5667087234,114.4192927662,154.4875344802,124.6620938158,144.0339451258,128.7803015450,115.2609234769,122.9045296724,123.7046138633,125.8111442137,159.6943943962,147.3741438156,137.7984780786,144.6626432142,154.6203486003,159.3559698266,164.0029610988,175.8703209366,133.7979919642,164.4097081502
2025-04-18,127.2839265982,114.7335911195,155.6062345103,124.7932767660,144.2951283343,128.7274927092,115.5963824439,122.7275141912,123.5244492866,126.4357631729,159.8689758623,147.7783705427,138.6418877422,144.7202292611,154.8169552618,159.9144631382,163.6543716297,175.6689848278,132.4254204885,165.8031680820
2025-04-21,128.3605619443,115.2264380516,157.0265314947,125.2131427235,145.5488085432,129.1956253998,115.3560435560,123.9119548096,124.8568482683,126.5059268902,160.3761673458,149.9241349960,139.1913110211,145.0997366185,155.8276728871,161.0581850755,164.5987220578,178.1561034906,133.8936845567,167.7770583904
2025-04-22,127.6033933928,115.1948133194,157.0944655742,125.1493159666,145.8583774485,128.3215533553,115.0015335065,124.1329621604,124.0729284198,125.8920658184,160.4330113261,151.4411898956,139.5023568821,144.3531382384,155.6443012100,160.9853704852,163.2878970803,177.1662283143,132.9931567983,165.7958259736
2025-04-23,127.8664287054,115.0253855873,155.7029958460,125.8891469235,146.0115405566,128.6474917570,115.1912003155,123.7634276565,123.8798204370,126.7881786584,160.6688671200,151.1320844722,139.9253826315,146.5583084195,155.4033581059,161.4009510650,162.3399625400,177.3879573124,132.9412372846,167.8818901601
2025-04-24,127.2294335760,113.1853255258,155.1330670705,124.6795396097,146.4053764128,128.4195472049,114.4994325359,122.2203399273,123.7607746277,125.0708462039,159.3584926993,149.6312375186,139.2797336147,145.4956662210,155.0403610520,158.9649752742,158.6029293858,175.7991406385,130.5645608512,164.4739172310
2025-04-25,127.6099151113,112.9773131146,156.2174676622,125.9730119144,146.5581898339,129.8187749187,115.0674955438,122.1266565549,124.6451413412,125.9152227310,160.4438704349,150.3118277456,140.9548556141,146.5034611120,155.4028789817,161.5543337605,159.1690774949,175.6010525434,131.3016847455,165.6364663802
2025-04-28,126.6641984625,113.0002894510,156.1173382562,126.9171607387,145.5345048224,130.1459990658,114.2643708802,121.4849077982,123.5598846401,125.9548963841,159.8228900447,150.8473328319,140.6137141703,147.0670247754,154.8007687161,161.9993220449,157.2885007341,172.8652292109,131.6843445701,164.0573294614
2025-04-29,127.7069412482,112.1423485310,156.6310179327,128.4391482549,147.4763858780,129.6454461427,116.1134622696,121.8711891187,124.1363924327,125.7307455549,160.2931793092,151.6197938969,141.7172878879,147.4440808641,156.1032151303,162.9840306389,158.9506868305,174.1063234856,132.7488417312,165.0085588276
2025-04-30,128.6380194876,111.7495806200,157.3512505358,127.7183572225,147.0531052821,131.1821479569,117.6403660696,123.0323202419,123.9083895431,126.6180506532,160.3457859311,153.6764888572,142.4152573142,149.5441447286,157.8722642688,164.3604632625,160.6193350218,175.2644816400,133.4523523175,167.3344946296
2025-05-01,127.2882586100,112.1945929243,156.9536857102,126.0624672508,147.1991118866,131.5322175643,117.4598846359,122.2608686316,123.5047547342,126.3540726454,159.2810833517,153.0542030561,139.4050445331,148.6022830201,158.6020422148,161.6962373139,160.8064783938,173.0366203997,133.9339219712,166.6073400921
2025-05-02,126.7369567829,111.5925993825,156.2027866502,126.6292496877,148.1551418253,132.3881175764,116.7194994433,121.5659087435,123.6211598234,126.8055082318,159.3290461625,152.3777164431,138.5036606552,147.3107096023,156.7484093589,161.1529834794,159.8310319870,170.9130220868,134.6788687067,166.5354414202
2025-05-05,127.2936538017,110.6565771665,155.0486557981,126.2096396132,146.7347526949,131.2033891696,116.7349821075,120.4536096042,121.8209681135,125.6005457368,156.8295502046,150.8386503473,138.0445362251,145.9378309168,155.3671205772,159.2023572923,157.9948721805,167.6615030947,133.5002410612,164.1103953603
2025-05-06,126.3660967379,109.3801799299,154.5233253767,124.7437818334,146.2836309248,131.3620497826,116.3837749047,119.7904470441,120.7726692359,125.6953003629,156.7896062464,149.7518463793,137.6075260063,144.6911765590,153.8124723668,158.5724915957,156.1861881404,166.7747251042,133.3333964479,163.4642514255
2025-05-07,126.2998058087,108.9526163910,153.5263634365,125.7587027022,146.5946566679,130.4113132591,115.5146094525,119.0593642269,121.4597214302,125.1842273494,157.3590705160,149.3314164277,138.3890395000,144.1718560645,154.7016481190,158.3395966128,156.1463142743,166.2103813574,135.1729854745,161.9356489750
2025-05-08,126.6650483405,109.4493338629,153.2511690430,125.3915431398,145.5042909159,129.3951728392,114.7153746230,118.1855297964,121.1538007663,125.1873068323,156.8575845897,149.0768124249,136.1926654241,144.0330347134,153.9286046989,156.0363990075,154.8710380228,167.0078565043,133.5348615456,161.1552032092
2025-05-09,126.9043522503,109.2380735000,153.3736955177,124.2352435601,145.0702853257,127.2436621416,114.0637905974,118.3712270472,120.7212470554,124.0156283777,156.7220194578,147.7776144028,135.0496628346,143.2751574451,153.2006583446,155.2592060256,153.0632806259,166.2021841997,132.6064944181,159.3864306769
2025-05-12,126.7918196511,108.7908317964,153.0654449038,124.9389942551,145.0434965209,126.7136538557,114.3352119540,118.2128328231,121.4349249504,124.0832506847,156.3989934721,148.3348586385,133.9438224253,142.4035050348,152.8677878335,154.0638879324,153.5053730815,166.3737853372,132.9415499882,159.2517515544
2025-05-13,127.3129720972,109.6024854484,153.8710024294,124.8417612563,146.7387298719,127.9482408178,115.6056626343,119.2343724444,122.5338163550,124.9679066781,158.2204936157,147.9220364380,135.5724757854,145.3958724466,153.7285536117,155.2654486479,154.9774118848,167.8561026670,135.7973000610,161.8674285673
2025-05-14,127.8169740387,109.3949968834,153.9477875154,124.4881400910,146.8032567638,127.0132507271,116.3610273443,120.4990373150,122.7959835547,125.1687259794,158.9836058579,147.6913346113,135.0008382755,145.9063504843,153.3876561420,154.8761587424,155.1158442678,166.3383008652,134.6771799832,161.8318371866
2025-05-15,128.3591249634,110.2618569174,155.2119157198,124.1990862687,147.8636488369,127.1914685778,117.3348797018,121.3839951168,122.9161797738,126.7546393096,160.4835468817,149.7461500020,136.3030472866,146.1584324058,155.0550011780,157.1749503526,158.0778736446,168.3398332958,135.9246884193,163.3385463814
2025-05-16,128.2366878761,110.1159467668,154.1533850801,123.9552934746,148.8854720912,127.1308144845,118.0483894798,122.2229375847,123.5733162146,126.6378750244,161.7123579332,151.3074773390,137.5399452830,147.9783582121,156.0987427848,157.9126799580,157.4331867077,170.2037971539,136.7955582128,162.0832970714
2025-05-19,128.2984323597,109.6291539647,153.5322038512,124.5667538088,149.1655221577,127.3952876591,118.2478595875,121.6222787491,123.7247706536,126.8968381918,161.7640327735,151.3681089749,137.5692630909,147.7313403959,155.9102920406,156.9834238061,155.4299457082,169.7739122505,136.8909550719,161.4936613417
2025-05-20,128.3974405096,111.1765453506,155.1565963194,125.2596920133,150.8901805080,128.4199593047,119.8836854942,123.9281887810,124.7684985505,127.5288540703,162.6375275896,153.2519644830,137.4687397924,149.9840615289,157.2891735861,158.8725310037,156.8444357421,171.2302165863,138.8162726613,163.7173610292
2025-05-21,127.5846961361,110.1369900993,153.8078524850,125.2767147949,148.3250502782,127.9628797911,119.3489143100,122.5165570245,124.7924201795,127.1357630904,161.2959281238,150.9591559884,136.2059695564,147.8095768580,157.2584614423,157.5586165659,154.7446954505,169.4332062519,138.8183431333,161.3668772590
2025-05-22,126.9616797603,109.2773725496,152.9864547552,125.3464433655,147.4562994308,127.8742037401,118.1849607610,122.1547757441,124.4701588330,125.4221990659,160.5134572376,150.9380572778,134.4116538179,146.7881962372,155.2159275316,158.0909777293,153.8442365862,168.7993101773,137.6924849951,160.4187146939
2025-05-23,125.2922128167,106.9614755485,150.2462595200,123.4693496977,145.7371586072,124.5116968187,115.9263072081,120.1537897952,122.0381581975,122.2339555060,156.3130997938,146.8262620091,130.9389380372,141.9890514854,149.6619315518,154.4646329067,148.8385665342,163.6820702056,133.2977726592,153.9567499130
2025-05-26,125.3713690366,107.2986581440,149.7122456540,123.1801142898,144.7797426179,124.0073758073,115.2191482458,118.6149873618,121.3869043320,121.6914777431,155.8316332857,146.7098779402,130.4051826994,140.5198642854,148.1186540999,153.2761988485,146.7442736883,161.7827227011,131.9392235311,152.4444033642
2025-05-27,125.1501866082,107.8417090122,148.0738069433,123.2013615307,143.7075000265,122.1647648752,114.4988832673,117.5209079273,121.8901407009,121.1967080870,156.5515824014,145.7172698072,129.7789665525,140.6584648304,147.2166759921,153.4908615465,146.6401302645,161.2772627314,131.3764184914,151.3576830925
2025-05-28,125.4303254682,108.2449229935,148.1312236133,123.2501753050,143.2557679879,122.4029430224,114.1572861192,116.5019330651,121.9032243587,121.4422077449,156.4879887593,146.1648891720,130.0145742304,141.0726779390,146.8258500495,152.7598838786,146.9235650427,162.5002592465,130.9844338139,152.3499455546
2025-05-29,125.1831683377,108.9096329367,147.6084012545,122.6253050603,142.1144150284,121.7559904939,113.7879354310,115.4348020450,121.3694583208,120.0422494209,156.1801016249,146.3913644438,128.9985168636,139.2966318544,145.3857054010,150.1797531630,145.6789100883,161.1165145431,129.9737359923,149.7631090436
2025-05-30,124.8259035096,108.1893454407,145.9159829663,121.4822475388,140.7349056986,120.2209074356,112.3412885320,114.9697164631,120.4057882672,119.5348321869,155.6533731460,145.9339588138,127.8898135319,138.0853503937,144.6183243303,147.9709260457,144.1990110157,158.2234498824,127.8880733431,146.3102532818
2025-06-02,124.8530171999,107.7757122052,145.8028419472,121.9037327330,141.8266495375,120.9864051805,111.1395497631,114.7957360165,120.1164964946,118.9892476815,157.2831916965,147.1058374367,127.7100872628,138.1918313321,145.2650327888,147.4041094746,144.3278217774,158.0582216022,128.6517366376,146.0828995882
2025-06-03,125.0321657620,106.6262303084,146.2748044555,121.0493523915,142.3662721349,119.2027875145,110.6956547077,114.7083564023,118.2800851695,118.2581504922,156.0009425624,147.3532907902,127.3395432671,138.7663769964,145.2283553446,146.3167418500,144.0186646538,157.4149614237,129.0333042276,145.9898366995
2025-06-04,126.4623397696,106.5218283067,147.8975588137,121.6927976170,143.5232089168,121.4676579826,112.0161355144,115.4388004972,120.0059368384,119.7673501233,158.4837468990,148.8754099326,128.1750375255,141.0043275703,147.4213919496,149.0130806750,145.7282580132,160.1473518995,131.3551153713,147.9928052052
2025-06-05,127.6431181952,105.9342109843,147.3433617443,121.8542426470,143.8076359798,122.2653504695,112.0648398464,115.7988140614,119.3231462846,120.0357832206,159.1554973789,148.1111826918,127.4184827690,142.5717798082,147.2667526379,149.4159492026,145.8275200975,161.6938352234,131.4763837521,147.9800676520
2025-06-06,126.8548425745,105.6329876587,147.2392479607,121.6700370074,143.5033441344,122.9090657118,112.5366161577,114.8000613254,120.2354372801,119.9236969106,160.5192889672,148.3524893217,128.1978197551,142.5532614253,146.3127128346,149.1313883177,145.3448081973,161.6618716467,132.2795174944,148.8266100853
2025-06-09,127.4201529667,106.3194945563,147.1076382649,121.5380595938,143.9719604274,124.2534730769,112.9689336013,115.2081643207,120.8102582991,121.0329303949,160.2914926285,148.2930294105,128.5990544976,143.8969390812,148.6843040203,150.5486928861,147.6440320739,164.4567265253,132.6718939536,150.3661638425
2025-06-10,128.0099097291,107.2140228987,148.7428860777,122.8378962587,146.3101471614,124.7414187355,113.1643886792,114.6005744495,121.5977084975,121.5280964322,161.0254543213,149.3198543787,128.9237927780,145.1775251558,151.4955274420,151.4128894671,149.5002829094,165.3220372596,133.9740768641,151.8385343868
2025-06-11,127.5544662802,106.8033766442,148.5234353777,121.7866082688,145.5198427896,124.2669775791,112.2285216556,114.0992103471,120.8106228582,120.5948569625,160.6959544315,148.9423859224,128.8501258591,145.4619964705,149.5048038817,150.8513278815,148.0778214071,163.9767878352,133.1322875892,150.6297617350
2025-06-12,126.5090644080,105.7780941341,148.4839667545,121.2529139992,145.8401881590,124.3957964026,112.5269191368,113.3849466881,121.2097809903,120.7813034496,160.3659660123,147.9836955549,128.3341185113,145.3849384898,148.8899028548,150.6723908742,147.3707362306,163.0667308357,133.5464797165,150.1669550100
2025-06-13,126.3243175734,106.4752242992,148.8237619011,121.8331973590,146.8310828611,124.6504999140,113.4283037019,114.5029350764,121.2878627639,121.1834943728,159.5494868775,148.4354525957,128.7995039680,147.3378856112,150.4202474923,151.4928933274,149.0533230190,164.7932319957,135.2652160162,151.1607140449
2025-06-16,125.7512810294,105.6345655725,147.3699697983,121.5885530964,145.6504255168,124.7175856773,113.3946500841,113.5985147176,120.2331971776,120.2744096256,157.6707177390,147.9647079184,128.1507060697,146.5793543061,149.1169849621,151.9308981613,148.6602072868,164.0146915427,135.1617495438,149.0300115210
2025-06-17,124.8983129909,104.1866107820,147.1817548040,120.9478927695,144.2394237863,124.2092262056,112.6614878934,112.7347038379,118.0229449602,117.8142415712,155.7905667234,146.8151086206,127.1628488156,146.1736822762,146.5941377517,150.7063182911,146.6384572897,161.8636997920,133.0107725068,146.8911475627
2025-06-18,124.7890256838,104.9854700641,148.5534217656,121.5509033188,144.3621912688,124.3549150260,114.0571907620,113.8310712821,119.1029562586,118.1454410135,156.9820154096,148.4065375648,126.9614592802,146.3437039986,147.4051664128,152.6946507207,147.5843278510,161.9855258527,134.3582434926,149.4637192021
2025-06-19,125.6490331028,105.5067737816,148.3758355954,121.8567698429,145.1938967431,125.6700498422,114.2742942067,114.9437363183,119.6441679530,118.8255018144,158.5867292425,149.2396108429,128.5710534687,149.2239990164,149.0291494817,154.7466334787,149.1098356810,163.8985194442,137.2004552706,151.2530293286
2025-06-20,125.5702086671,104.7508796041,147.2798062720,120.4014644569,143.8279274437,125.6698609587,114.1612494977,113.9516977249,118.0209950696,118.1439004773,156.4859551381,146.5252851973,127.8260628408,148.0649781937,145.5644888525,153.1884889663,148.0805938224,162.0114295262,136.5576719667,149.7318132717
2025-06-23,126.5868755432,103.7153525391,147.3284783831,119.0186096605,143.9574651272,126.4122391413,115.3176577165,113.9418943845,119.5314641787,118.7447063824,159.2800234812,145.0972164270,128.3709673978,147.4844203318,145.6294818604,152.4312363327,148.3644214621,162.5013766727,135.5309276198,150.0105908173
2025-06-24,127.7897667189,104.2447835092,146.8631992023,119.1367385869,145.2125044145,127.9815305857,115.0372225705,113.7010570541,119.7932290205,119.2391883335,159.5155980153,144.9686670652,128.5985956819,148.3169731950,147.3787671176,153.3079073065,149.2026643287,163.1019486742,136.2102866272,151.6394483358
2025-06-25,126.6660587765,103.4274094372,145.8126029027,118.8281780604,143.7620668522,125.9942230265,114.8319630495,112.4138934981,119.2445330183,117.9454516789,156.9790276467,142.5573851407,127.4930175227,147.1652564572,146.6321907144,152.3805181336,146.9749712234,160.8829014478,134.5058902400,150.7522713617
2025-06-26,126.6501964586,103.6933829343,146.1027410024,118.8987833179,144.0074627700,126.5458510869,115.9709277191,112.5170304196,118.8830814086,118.6258374025,157.9912286388,143.2578267777,127.9985372362,145.8344570095,147.2122431798,153.8459029929,147.4786422804,162.5331424663,136.1239957153,151.8058693144
2025-06-27,125.3867723630,103.0764116348,145.2385061010,118.3840587226,145.7011027591,125.5974976573,115.0310460818,111.2633434500,117.9588550979,118.3146793926,155.2579909256,142.5362356119,126.8934081956,143.6199935758,146.9929975263,153.4552517708,144.9178893549,160.6771966001,134.8966086504,151.7275698657
2025-06-30,124.6806863772,102.9370013256,145.7965706274,118.6487012504,144.3630673318,125.5230519666,114.6234925536,110.9815755641,117.8668943225,118.5865924867,154.3727005392,141.9494866603,125.6830473813,143.8971105951,146.0009585620,152.8146856958,145.5816322997,159.8831574277,134.4557563719,151.6044384814
2025-07-01,125.5261792344,102.5683729705,145.3906146421,118.0876231268,144.9152423781,125.2338490215,114.5997279323,111.1044249100,118.0016598288,117.8983797046,152.4297161758,141.0564446498,126.8299358153,142.7609657511,145.7742289876,153.3434571572,143.0695875821,160.0281887568,134.9132090266,152.6143782395
2025-07-02,126.9521216338,103.0964345182,146.9290140067,118.5148715987,143.8926537484,125.1337420696,115.1911133013,111.9632609921,118.5526535857,117.7570509230,154.3198443404,141.9385735207,128.3978407934,145.2336619958,147.3452407417,153.6557764832,143.7982314758,160.2506222224,135.0057155035,153.5624830838
2025-07-03,126.7749750914,102.5725690681,146.0879693560,117.1260899108,142.3351835195,123.3903955157,113.3945863062,110.0116198634,116.9276721466,116.4702122138,151.0385926920,139.5759818816,125.1099137106,141.7665169058,145.1677915269,150.1880827370,139.9017505447,156.3513300260,132.3971834189,149.4536790020
2025-07-04,127.6752443932,101.9647368049,146.5733219527,117.3257128706,143.3709460846,123.1582386402,113.9393597409,109.9733201197,117.6860743231,116.9220411945,151.5489017412,140.6139416811,125.3030574537,142.4357401757,146.2753004091,151.4460300305,141.0567254573,156.7286536710,132.8065211524,149.2627096662
2025-07-07,128.4587303456,101.7825618192,146.6067930553,116.8442190491,144.3721353538,123.9471081660,113.4893616136,110.5910371078,118.3102828035,116.7447629749,152.0803963893,141.0775792064,124.7778855829,142.7572873251,146.6893138777,153.1684084527,142.8734436617,156.6205326279,132.2222228656,148.7077944318
2025-07-08,128.0389598902,101.5657136955,146.0412745845,116.8425327112,145.3784732661,124.1328591732,113.5016262897,111.1094005039,118.6768078758,116.4151648078,151.3365708326,141.4224274655,125.5794569889,143.3592263479,148.5190945381,153.1266481965,144.1647395343,156.4939149420,131.7573580804,150.4328601492
2025-07-09,128.7053267297,101.4240868100,147.3755810423,117.4699656411,146.5079042247,125.9409486200,113.7203838921,111.3370799809,119.9431735303,117.2992054601,153.0931322348,141.4005666923,127.0834670554,143.7824880536,149.2282617233,154.4689376051,145.3454967960,157.8622268016,132.9094221536,150.8011388327
2025-07-10,127.7103897073,101.6010893558,146.9067616924,116.7336845020,146.6469593221,123.9591663086,113.4481816740,110.3155540045,119.5616833109,116.2142681976,151.5832435506,139.5557910073,126.7687754592,143.5827723681,148.9331637583,153.2214563900,143.9975089464,156.1724341435,131.8635457999,149.7296638477
2025-07-11,127.8738238049,101.3281630638,147.5354347647,117.3311586747,145.9307740140,124.5417734825,114.0988485895,111.5608810445,121.1402274872,117.2331556669,151.5545372677,140.7533319777,127.3451768851,144.2348003172,149.3896615480,153.1044253141,144.7419830155,157.3613480656,133.5896993880,150.6999161557
2025-07-14,128.1437120358,102.9074290580,147.4098545430,118.0414505189,147.3444990566,124.9165138943,114.8595506353,112.7180674484,121.2907511241,117.7446989435,151.0345601189,142.1454539050,128.0567488578,144.8981468575,150.4739965160,153.4908932478,145.8620098046,158.7859953340,135.2903922179,151.9219990102
2025-07-15,128.1037725635,102.7831667023,147.1382890303,117.7608747415,147.7884960027,125.5030568632,114.6121972451,110.2278109382,120.4458235077,117.4592530397,152.1772670383,141.3779849320,127.0970733679,143.8209496407,150.8057845416,152.7830782108,145.9616942111,158.0079595121,133.8942334399,151.9146833728
2025-07-16,129.6301612563,103.3232075848,149.0596925505,118.7120984317,149.2786300907,126.5957338309,116.1271242862,111.7607418519,122.5062545168,118.9337610866,155.0397669984,142.1911459219,129.6246476544,146.3608786964,154.3586382619,156.1441291888,149.4669416953,163.1182561426,134.8708591723,155.6546170221
2025-07-17,130.1152750611,103.3382873523,147.5510730121,118.5579587630,149.6470627847,127.2460751688,115.6696093607,111.5408457949,122.1825927808,119.7146806439,155.6910893611,143.0611099077,128.3548406241,146.2430829204,153.7989716574,155.7187733952,150.6668928321,162.0139561397,135.1035348230,155.7649798115
2025-07-18,128.5099176654,103.3551394936,148.9973852526,117.7383941019,149.1284029309,128.3518173091,115.6600876099,110.9732990618,122.3406059220,120.2020122671,156.0914144056,143.4122518441,129.3522453380,146.6797626075,153.2362872446,156.2881920364,150.7088151893,162.4350309659,136.0412942237,157.1009674275
2025-07-21,128.9747670121,103.7297630772,149.4166442006,118.2789158250,148.1663061643,129.0366247425,116.5275771871,111.6384012070,123.9722590117,120.9679359453,155.4664724748,143.3728012034,131.7228994575,147.6887187832,153.1929518569,156.9408573281,151.2883864283,165.2023138966,136.0809223125,158.9814472874
2025-07-22,128.6090894741,103.7844132860,148.7932862401,119.3181750165,150.5732168269,128.3548786840,117.3272924358,112.2614776281,124.7333592060,121.7530306416,155.8107444219,143.9037908434,133.0633218814,147.4864193320,154.3352255052,157.8760436503,152.6646765733,167.4920920304,137.3697154465,160.1795022106
2025-07-23,129.0357544364,103.9270052843,147.6548186049,119.2196865825,150.6919630669,128.0726785523,118.0908265587,113.1990184260,125.1197022545,121.7154365581,155.1487424735,143.6865229876,133.6506039112,148.9905754094,154.7500791678,158.7447646391,153.5629392672,168.6412194019,137.8304053618,161.6599524282
2025-07-24,128.3235921610,104.2067178010,146.5379028570,119.7451369409,149.6934217995,126.6784273511,117.3953133724,112.4906837586,124.9303150367,120.5488802739,153.5803032635,143.0451956242,132.8257259928,147.1746991672,153.1644334846,156.9433005385,152.1707339702,168.3857531527,136.4640433936,160.0689108558
2025-07-25,128.6566398877,104.8302515909,147.9980941897,119.9512825468,151.4692602998,126.6637173903,118.2750121639,113.5197851317,126.1847581917,121.0202143811,153.3068005645,144.3405340361,133.5013246851,149.0006675262,155.1025607466,159.2363714814,154.7582253502,170.7553470955,138.7609416680,162.0595813379
2025-07-28,129.6505493341,104.4972300466,148.3801362065,118.9970443977,149.7367158215,126.1307803241,116.8643781744,113.8527866892,127.0091181564,121.4594886029,153.4410000875,145.1406497467,135.3342799558,148.1013373633,156.5193783933,158.6963384199,153.1729622114,169.2263416037,138.0248774966,159.4891989973
2025-07-29,129.8581964957,104.7364495429,147.9917566480,118.9453157194,149.4551506405,124.9192901161,116.4373107220,113.2730922820,126.9820779005,120.8169939260,153.3437530260,144.2228216245,134.2704477630,148.3176597913,155.4080473591,157.6270927562,153.6874557221,169.9061463341,137.1972390715,159.0515185944
2025-07-30,129.2961045831,104.8751004983,148.9301288709,119.6799660900,150.1653869018,125.3295680194,116.3349833045,114.0553368761,127.3384954957,121.4349002170,154.7734844839,145.1307726395,135.4506538773,149.4943282180,156.2884532460,158.7882637140,154.9708509556,170.5623640168,138.2395362673,159.6516907513
2025-07-31,130.1567876093,105.0465361616,148.7515916045,118.4212976777,148.8693723819,126.1901479431,114.2822425650,114.1763950648,126.2666145075,119.3483960706,154.1142361265,144.0501803688,135.3195179170,149.1512026274,153.1691013798,157.5977435508,153.6480129358,169.4879241370,136.6876968421,157.9648060933
2025-08-01,130.1873682341,104.8481806901,147.3365140666,117.9958280460,148.4839356773,126.8639289709,114.8104189930,114.9347491706,126.2777306007,118.6044018979,152.4479789136,142.6241894693,133.7781996693,148.5676464539,152.2736872037,157.7526962548,153.8092623916,167.4908123523,136.2325919339,156.6411153977
2025-08-04,129.3074323331,104.3420789917,146.7460753724,117.3746577497,148.7875990584,125.8600556380,114.9491543287,115.0967698336,125.6462886344,117.5989956954,152.4628521244,141.5086369866,133.7224415037,148.1236035109,150.6262171207,155.9170474373,153.0507295502,166.3181660536,136.4042179710,155.4506296825
2025-08-05,128.4179697768,104.0063909633,147.3417806365,117.6088375352,150.7815887586,126.7433683320,116.2903548203,115.3732576678,126.8562267940,117.6636994804,153.2462784236,141.6559783518,134.7899933333,150.5966065020,151.3391999594,156.7420319662,153.9942470843,167.4961699574,137.6968165047,155.7427535870
2025-08-06,128.9720306588,104.5228998709,149.0650092514,117.0299008625,152.3149303610,126.5222286123,117.4031538777,116.2602368117,127.6293549689,118.6597313037,154.0547256604,143.5745168582,135.3498993179,151.5063886022,151.8404728089,157.6312606848,154.9942340373,170.3576308449,138.4060679484,157.0619464756
2025-08-07,130.0283698611,104.6973563244,150.1264282110,117.1271638880,152.5693260464,126.8521363652,118.5799808020,117.4617412113,128.3371747785,119.1433853761,153.7517087549,144.8201656272,135.2921081637,153.0223787971,150.8339287764,158.5354143884,156.2284746431,170.3022442244,138.8313108639,158.1110817209
2025-08-08,129.6476011238,103.6284413701,149.3885767201,116.3280739734,151.7149916510,126.4344191031,119.0036630621,116.4329570822,128.1447176539,118.2397019738,152.6129467165,143.7439163755,135.3207817142,152.3827690099,149.8986889068,158.0764771611,153.4063282664,169.3619686912,138.0472028585,156.0005451186
2025-08-11,129.5480600369,103.6046449915,149.7444586186,116.2767046784,152.0199983453,127.7997780070,119.4904047345,116.7625689316,128.4887475771,120.3189766099,153.6249370109,143.9148072142,136.9962412778,152.9575798278,149.9685125506,159.0403002663,154.6847850558,169.6225270661,137.7330313360,156.6434684315
2025-08-12,129.8168811914,103.7452069059,150.6325446801,116.6995136166,152.9753107104,128.0269554230,119.9172792722,118.5851375927,129.0069319940,121.2681329730,154.2621336759,143.6455294506,137.1587469681,153.2327273692,149.3733414266,159.6040205016,155.9662484251,171.0459096564,138.4138674458,156.9846466326
2025-08-13,129.7550315788,103.4128404394,150.2011992526,116.6861111013,151.9312837108,125.8223500414,117.8750883808,117.5805889629,127.0914784060,119.5464740223,152.0525364992,141.2304138701,134.7888333559,150.7610025818,146.6950795765,157.5960819401,152.2608834841,166.5210746376,135.2245166163,152.5427542293
2025-08-14,129.6448138695,102.1249259285,148.4964014187,115.5508219172,151.1959351857,124.6980990614,117.1390496983,117.2068921292,125.4430183505,118.3055745351,149.5558714999,139.2711064256,131.7774398043,149.0530689729,142.5362833211,155.8422431762,149.2772539999,163.6829181564,133.2816621381,149.1453657242
2025-08-15,129.6142956616,102.5272392760,147.1503773343,115.3606180407,150.8844527830,124.2133867650,117.1949875820,117.4810828476,125.0338458222,117.6165830450,149.2651382019,138.8767840694,130.4519736043,149.0728422058,142.9333161650,154.4229602043,147.5507496284,162.3794769048,131.0841101504,147.6562059728
2025-08-18,129.2735460177,102.3145287905,147.5693440607,115.4090825852,151.2587263683,123.6063468680,117.9199089519,118.1255483057,125.8172531009,118.5360777428,150.1157116740,140.1778925629,130.5461134652,148.9240270591,142.5770680512,154.9348264848,149.3690011578,163.7332141488,133.4010496939,148.7655374300
2025-08-19,129.4728278626,102.4934756323,147.1983876910,114.2735463381,151.0092541560,123.9117884846,117.9643234241,119.0889709589,126.0474776250,118.9458231649,149.3001321482,140.3443230377,129.9686059854,148.9519625914,143.0871288726,154.7261764699,150.7067566209,163.2608402245,134.8765887707,147.8669559515
2025-08-20,129.2668951221,102.8315590005,147.1296681618,115.0842198256,150.2371871471,122.8194307289,117.2386764920,120.1472957362,126.7485662360,119.3913015688,149.6867046931,140.8205405535,128.9838529228,149.5078007463,144.4761670875,153.1745006045,151.2946284395,162.8239044173,134.7849158722,148.3546239679
2025-08-21,129.8422399888,101.9394190648,146.8385471495,115.6976684929,151.2983620996,122.3572333502,117.0480437826,120.5214478082,126.1648283394,119.8642038650,148.4542502861,141.2766611164,128.5996550238,150.7547306745,145.1844855302,152.7655187417,152.4023604728,163.5869597679,135.3052252642,148.1908481307
2025-08-22,131.3165422111,101.9188060826,146.9339447669,115.7213205297,151.6023922890,122.8579718912,116.4507855403,121.2946088765,125.4262541608,119.3021404441,147.8122719539,140.9939168529,128.3191171120,150.8239502613,144.6584637907,151.8147165168,150.9700129846,162.5005759915,136.3470154911,148.1663551668
2025-08-25,131.5771775975,102.0756699323,146.2238682421,116.3183473532,151.9384066286,122.4050540320,115.9205054531,121.6342173095,125.1941829221,119.5328909521,146.8093494877,141.9539017910,126.7290556815,150.6701220292,146.0141181839,151.1612306755,150.9801717034,161.4752979050,136.0094088239,146.8582762799
2025-08-26,130.0122111160,101.1583077775,144.3455227626,115.2492289166,150.7599349118,121.1243888639,114.0992885602,120.6380385863,123.5238008030,117.5379588690,144.3037643884,139.0942281397,124.5231554356,149.3273237645,142.7947208820,148.5669943615,150.4315993241,158.5573324868,132.4864820297,144.0004957198
2025-08-27,130.6091717342,101.1777069326,142.9441586101,114.5524260126,150.4214481926,120.6570304046,113.1396127174,121.9848570122,123.9594728797,117.5313022652,144.2762979379,138.2698997321,124.6858732131,149.4952967915,141.9985643265,149.0174567877,150.3453169955,159.8013018576,131.9002906244,143.9313869804
2025-08-28,131.0878632698,101.7125528376,143.2149459444,113.9905137096,150.1310428431,121.2142090894,113.4827118219,122.5072792216,124.2488631979,117.2275518610,143.4561290100,137.4976130662,125.9557875919,149.7320989747,142.8372195211,149.6630357573,150.7956370648,160.6027375243,132.4529465159,144.8507527203
2025-08-29,131.5032373343,102.1565751808,143.1753151757,114.4638791219,150.3058409117,120.7270565629,115.1044917988,124.0385158618,124.5319726772,117.1889971092,144.3988029535,137.8918369570,126.5449920824,149.9946570077,142.8039998220,150.2725051512,151.6628482337,161.9905972858,133.3187761378,146.1034441878
2025-09-01,129.3248570757,100.7271492953,141.4131946526,112.4617651332,147.6825892845,119.6796698147,112.0816876359,121.9441546255,122.3975417971,115.8495355736,141.8903024349,136.9308794335,123.7442021911,148.0689736167,139.2351685897,147.1786413353,148.0092459250,159.1645890549,130.1639100957,141.4064397896
2025-09-02,128.1811522293,100.7348421714,141.3659863557,111.7132799312,145.4927747897,118.7712690379,111.4681707925,119.8347337479,121.3028942832,114.4662349322,141.7802975721,135.1714891829,122.9017253353,146.9206717068,138.2350644923,145.5103738276,147.3484393382,158.2738768828,127.5797269853,139.4403455182
2025-09-03,127.0517274394,99.7858259699,140.0964442957,110.3497984756,143.3998742029,119.3860871363,111.2171412362,118.6498041990,119.7584527539,113.6156545999,140.3015461598,133.4180078684,121.5916230612,144.3716410650,137.0176818189,144.8567867185,145.7243062521,156.2122714000,126.6032975854,139.1342971297
2025-09-04,126.3766481105,98.9978549750,140.0118261546,109.5703449697,142.4935714875,119.4074096946,110.3110548142,119.1653076390,119.7244415587,112.9442107991,140.2493788991,132.4929906670,121.0705234600,142.7126124937,136.1774401165,143.6042163163,144.1695248954,154.6210322835,124.7601518946,139.6160898081
2025-09-05,125.9742542206,99.7314219399,139.9173702879,110.8536846579,142.3066092923,120.7364075545,111.5318450436,120.1968838078,119.1563945420,114.0508449580,140.0669847091,132.3960546250,121.8282554197,142.5822187198,138.4709905393,145.2074817226,144.5534875695,155.9062681544,125.3853277039,140.2894317527
2025-09-08,125.7017735876,99.9667782794,140.1035011033,111.2546072578,141.7737987327,120.6241128394,111.5814243437,120.0003667245,119.1421969089,114.9478501674,138.7402727561,133.7111024182,121.2100836586,142.8585242865,137.9708768555,146.1910393464,146.1073609433,156.9447011102,126.0688545758,141.0396604249
2025-09-09,125.5178837284,99.4518237318,140.2330051342,111.3013276550,141.9963806141,119.4911704719,111.7052147531,120.5935165452,118.7771426111,114.4738374207,138.3022396400,133.2624422446,121.5062534034,142.5532210185,137.5327077014,145.3290421395,146.5135360279,157.3022249378,125.4039588042,139.8994665048
2025-09-10,125.4807439843,99.7378853467,140.4394971547,111.7939319633,140.2111364997,119.5048331919,111.4141895580,119.7676807480,117.1592828598,114.3887467979,137.3111119932,133.0108888959,121.1689624578,141.9543879342,137.4480670225,144.3104563527,145.6903389617,155.6470692799,124.7392540059,137.5349363938
2025-09-11,124.3859170935,99.6658932404,140.6097997716,112.7717276695,140.7099493308,120.1658477639,110.8795472648,120.0463394520,116.2955246358,114.5847526750,136.6205840524,132.6038752335,120.2236588208,141.2102027336,137.6071325731,144.4206963749,145.6801146417,154.6223308314,124.4216503362,137.0664050383
2025-09-12,123.5926709676,99.2914511498,140.6663296587,112.1381521072,139.0255568508,119.2563722471,110.0668642870,119.0148320048,114.9149613107,114.3699760547,136.2536165973,130.9596586676,118.4112629927,139.1682371765,134.7262975403,142.1577563373,144.8129205789,152.0801312811,123.3352695285,135.0414756034
2025-09-15,124.7774682644,99.0293220715,140.8598379031,112.0490912242,138.3831484672,118.6964709852,110.6084166073,118.7498250661,114.9445392624,114.3656539363,135.5149849791,130.1309679545,117.0047237685,138.5768723679,134.4564993229,142.9572456020,143.6624967989,150.3108664546,123.8374315004,135.2297465113
2025-09-16,125.3471959371,99.7562887618,141.0496606109,111.7265098917,137.8120357154,119.1715967925,110.8567209140,119.3470262629,114.2149771479,114.6189118080,136.2899587304,129.7248074991,117.7079758278,138.5098025627,132.9611549304,143.6135553739,143.3089243062,150.6360757597,124.1657261381,134.7345248710
2025-09-17,125.3356952142,100.0526497322,140.0348290387,111.6868375658,138.3442181043,119.2902529212,110.4273657938,118.9926693878,113.3732455075,113.7458705180,136.3733057367,129.5082582651,116.0161655869,138.9816503052,131.7740590584,142.7538348790,142.6376886948,149.9777335573,122.5898817721,133.6198537528
2025-09-18,125.8737655383,100.3459884132,140.8323247157,112.7234453018,138.0756972500,119.8536643914,111.3522532451,120.2083616363,114.7682020680,115.2821754310,137.1764680099,130.7912240649,116.4580429964,139.3077872373,134.2674608727,144.1997484651,144.7431061279,151.8687099762,124.4292154539,135.3065713022
2025-09-19,125.5778330896,99.6313978993,139.0285568486,112.1607837664,136.7308552952,118.2720807974,109.8231997017,118.2598956115,113.3238591231,114.7641907598,135.6791591107,128.8008850578,115.3825810449,136.5833082552,134.0607627890,142.7977000204,142.4527715902,149.4716967911,122.5227437657,133.0974812626
2025-09-22,126.0281053400,100.1163131986,139.6043374199,112.3039572788,137.3110416243,117.2649148387,109.5818417225,119.2780116920,113.7312386110,115.0136901938,137.1445782755,129.4608551651,114.8152356638,136.4409102601,133.3180869263,143.8393522357,143.1518576007,149.5766598163,123.0060991323,134.1007309668
2025-09-23,125.4780535712,99.4649872655,139.0120935127,111.4495736278,136.2428225336,116.5640157643,107.5338516469,118.2221937635,112.3871398884,113.7473705839,135.8415831338,127.9579109293,113.2260408664,135.2961320230,131.0610906601,142.1803737880,140.5989332516,147.3732256365,120.2370193281,131.5337627661
2025-09-24,126.7867190717,98.4688311577,138.6875160228,110.9006112366,135.8991941925,115.6204711484,107.6825663217,116.8001444008,112.1149044773,113.0731611400,135.1738379026,127.6681456143,113.5393820815,134.9262248364,130.9356275079,141.7372647302,141.2411739647,146.9723418475,120.4428379605,131.9621254450
2025-09-25,126.7639376426,98.1841261247,138.7174513481,110.4362239965,135.6609198970,114.2859652571,106.8015550961,116.6447705714,110.6008912144,113.1614869652,133.7842844090,127.7232666080,113.5891230007,135.1079250873,129.9702728794,140.7985531747,141.9556844559,146.5053803524,120.4855779277,130.3091554750
2025-09-26,127.0834422572,98.2519895561,139.6192358119,109.0633632632,134.7631648331,112.9920449231,106.5580327459,116.5284083312,110.4890141901,112.7230753738,133.5608997115,127.5776834926,113.2303609489,132.6336722040,129.4482618121,141.4091514481,140.1221324210,145.8216250111,120.2681563697,130.0649207705
2025-09-29,127.2753906653,97.2874292577,139.7805499140,109.2512239423,134.2163651583,112.0373791530,105.7569177714,116.4083759143,109.3713529559,112.7544068183,133.8187232508,125.8636590089,113.9428541903,131.3396299351,128.3500773582,140.7104543393,139.3030557583,144.4976228820,119.5233281475,128.6068156154
2025-09-30,126.9149056180,98.6466371700,141.3812947986,110.5358441054,134.7770769533,113.3258022072,105.8327685049,116.7480926804,111.1824457068,112.6149264682,134.7713794766,126.9482932917,114.6403144842,132.9103988541,130.6617224677,141.6232521894,141.4386832564,146.9210292439,121.4727881679,129.5771147467
2025-10-01,126.0176321559,98.3737820535,142.7486645838,110.7492832362,134.4143130918,113.4627371025,106.3129761491,117.1820073043,111.1277214886,113.3673784311,135.9114759266,126.4936755569,114.3859988460,133.3088816665,130.4643961245,140.7289294519,139.8000409057,147.5212487008,121.8329609862,129.0713151694
2025-10-02,126.3796890511,98.1369443910,143.0695305020,111.1589371351,134.3968621622,113.6893089218,106.9070578979,116.7674655530,110.9187828798,113.9618208124,136.4337929071,126.5755454315,115.0449858081,135.0824723673,131.9361468585,140.8958386392,139.5571134377,147.5228753598,122.7017922125,129.2684650194
2025-10-03,127.4303343362,98.1265852767,142.5617076725,110.0261246125,133.7052785915,114.4972379257,106.3182099658,116.2360164859,109.6527501814,113.6097350761,136.2037804481,126.3993007308,114.7480951763,134.3246578478,131.4271846701,140.6270165524,140.2601538089,146.3692014414,122.8496169550,127.8982666036
2025-10-06,125.8948242476,97.6849440357,140.7981182943,109.3944630801,133.6247667892,113.2561645392,105.4890207135,116.0003588251,109.0803757615,112.5635607963,134.7722999221,125.6675023959,112.8528122506,133.1605482946,130.1433438695,140.0002777545,137.7547058977,145.2236839814,121.0857700371,126.0678660550
2025-10-07,125.1623090782,97.5881588523,141.9288505134,108.6285887730,133.4221876493,113.6233383485,105.7317603896,116.4450156814,108.9723696296,112.0051786301,134.3788595474,127.5806424742,112.6825571572,133.9625886422,130.3044902443,139.8860668301,137.0717716709,144.6810075583,121.5662184755,125.2616781652
2025-10-08,125.0621723789,98.3929082955,142.4923878825,108.8478929383,134.0412852145,113.8490849404,105.2728869111,116.7302787162,109.7608308997,112.8666340895,135.3925958642,129.1873706102,112.8024444546,134.5814806492,130.7029392310,139.8969451834,137.0790311648,145.7461537702,123.5784627377,127.2286455954
2025-10-09,126.2151287192,99.4731804506,144.0301028811,109.7887328907,135.0318341785,114.6599503850,105.9237039764,118.3341569558,111.2525647856,113.9953270765,137.7593726140,131.3408587704,114.4062607867,136.1587272402,133.6139349471,141.5565507909,139.7116022223,148.1321135506,125.3805161104,129.9657173006
2025-10-10,126.0318709696,99.9793624875,144.1530837307,110.4834199520,135.0061933358,114.8969567243,105.2711342493,118.0439802723,111.6576849537,113.7420936025,138.6361285914,131.0834207146,114.9126265589,137.0349154949,134.8145998825,142.1082199304,138.7967338331,146.8262887372,125.0872486036,129.8544290478
2025-10-13,126.3029603095,99.8773246804,143.8164052514,110.9014249991,135.3231453211,115.7065601662,105.8553091670,118.1642423307,112.1645489516,113.5416550659,139.2111265677,131.0531699646,115.2028528607,138.3053778023,134.7725145162,143.3236325209,139.4064051958,147.1545467901,126.6689926755,129.3681981631
2025-10-14,126.2613359329,99.1702789970,143.4326791251,110.4584613964,134.3615239913,115.6434334638,105.8394625694,117.3830281162,112.6186377067,113.5377603576,138.8686778869,130.9227425367,116.3295451396,138.0393914433,134.0263351834,142.3913287545,140.2774124162,146.5147102702,126.7338304196,128.4884719193
2025-10-15,126.8163381674,98.7136462081,143.9353408126,110.7620563844,134.4016169422,115.2045932319,105.6338038305,116.4508838865,112.6803752722,112.5578640053,138.1072572041,130.3533253877,116.4424757345,138.1772735317,133.2971893132,141.9782180026,139.7659796482,145.7065357322,126.5534574656,127.3571020145
2025-10-16,128.6518452833,97.6815077029,144.0963538368,110.4705354774,133.8964000010,115.6567691639,104.9015040620,115.8239443982,113.5171265926,111.3190548103,138.3327529075,129.3710733220,115.5647275189,138.9174946377,134.3351061620,142.1237374060,139.3724522941,143.9933503102,126.2711087240,126.2719163815
2025-10-17,129.4972229970,98.5724644558,143.4784227687,111.7613660994,135.2471345146,115.2921700276,105.9340383994,116.5160538732,113.4899806589,111.8137282775,139.5318269586,130.3238181011,116.0568751981,139.8106344916,136.3983416088,143.4504348098,141.4511256253,144.6704842950,128.1991732153,128.3619975388
2025-10-20,127.9029568589,97.2731717184,140.9596292429,111.2827158014,134.2319881204,113.7045689465,103.9806226386,114.9404409518,111.3979783803,111.1517196635,137.7856311141,127.8096615570,114.1441329535,136.9168535402,134.1070672737,141.2504538541,138.0152780865,141.6526310692,125.9365552660,125.7021701917
2025-10-21,128.5176695994,97.6510889110,141.1266371493,112.3496165472,134.0227764503,113.9052142801,104.7414718017,115.7671077580,112.4079311304,111.9142359509,138.2551352521,129.1815567046,115.7183179496,138.8001846777,134.5457330164,142.2714385257,140.9461469806,143.6830670791,126.1171579945,126.2732039920
2025-10-22,127.9152303374,96.6556313247,139.3897998082,111.8750755120,133.2972916118,113.7932248146,103.3402221425,114.4050826372,109.4819987919,110.9392370784,135.8139172648,126.9843424004,114.3771557174,136.7762135529,134.2779560540,140.5187249388,139.3393865871,141.7613371735,123.8921923536,124.3708842120
2025-10-23,128.7603674945,97.2251620957,139.3333754410,113.9509336748,134.2569694206,114.2905627126,104.3255056014,114.7817092490,110.6386810289,112.4996457612,135.7729869963,126.6960658467,114.7168803711,137.0746375017,134.4534212004,141.6921919930,138.9755093059,144.1948967442,123.0956254284,124.6548999244
2025-10-24,129.1338311314,97.6144199832,139.6824352916,114.6663819564,133.1739961796,113.8457054136,104.4430853538,114.0901062999,110.7554611131,112.7920563720,134.7702117757,125.0128220222,114.6425785229,136.2263557008,133.2160071558,138.9239595919,138.6489587665,143.9131531199,123.1490871012,124.0027758061
2025-10-27,129.0752640550,96.5057339646,140.0014851492,113.9876525097,133.2224902656,114.0828397203,104.8218409740,113.9902344896,109.8633495476,111.7987291894,134.3946791204,125.1785090689,115.3996029094,136.1751786564,132.8099302211,138.7068247848,138.7603485511,143.7809655800,122.7917053905,124.4925460569
2025-10-28,128.3762969089,96.5975457615,139.6210960627,113.0226225388,132.9887624226,112.9357667041,104.2857089861,113.0353994108,108.4817091849,110.5039129816,134.7382116211,124.2193295554,115.5643553012,135.9891081617,132.3336958787,137.9597703676,138.6677960203,142.7669970712,121.8361210229,122.7483509323
2025-10-29,128.6256211581,96.3618933370,140.1861069346,112.4319200108,132.4046579098,112.2896907502,104.7340912732,113.5633226862,108.8276242629,110.3861795775,133.9213529707,124.1341327415,116.1803177333,135.8157439603,134.3556377764,137.2784682388,138.0871416695,142.7838199445,122.9288383318,122.7862444573
2025-10-30,128.1248718399,95.8646134909,139.5737831073,112.6452281535,132.7680360484,113.2022116056,103.7611524453,113.6012099794,108.0871352342,109.5804522559,133.1359086434,123.3960100848,115.9213115984,134.8279544169,133.3599467497,135.4267720850,136.8635888891,142.4508779858,122.5949899508,122.1116198238
2025-10-31,129.1486552073,97.0841475492,141.6160956405,113.5124340402,133.8915520351,113.0166975466,104.9440146695,115.6114154789,108.3435686473,110.4934223671,134.7815053945,124.3865899301,117.7223775390,137.3767019120,135.6189940260,137.7304073704,138.0467682979,143.9326161992,124.0106751606,124.1084686565
2025-11-03,129.2983824289,97.2973332299,141.3966465184,112.9006691263,133.5489215132,113.7631580771,105.1042587495,115.2328447318,107.8301351211,109.9613815721,132.7176472014,124.1497871256,117.5442153838,137.1499812189,136.5481022069,139.1831289322,137.3036165040,143.6440889883,123.4862912063,123.6254884798
2025-11-04,129.4645900087,97.2654440693,141.7688272560,113.2673339494,133.7097153977,113.7556471152,105.6426444585,116.1192169326,108.5362164698,109.3952290541,134.1259594408,124.7758477326,117.4390409257,136.7825490170,136.2338337156,140.1895951660,137.8764091776,142.6685472320,123.9136665677,123.8239657689
2025-11-05,128.4191842895,96.7028860971,140.6569226594,112.5007878153,132.3609825651,114.1922154389,105.2629078434,115.4724557035,107.7800556883,108.7768385967,133.3294478858,124.6315821296,116.7137482372,136.6707905512,134.7595050606,139.6610383024,136.8853338865,141.6987634997,123.8704903299,123.0047248564
2025-11-06,128.4340114823,96.4483503261,141.1246004072,111.7429435419,132.1280991322,113.7094381421,104.6827230528,114.5691701654,107.2909003475,108.8298195710,132.4623383381,124.6153888130,115.8917450908,136.7562187661,134.1020136025,138.3464835690,135.6954503823,141.0554020614,122.1479421412,122.1794000125
2025-11-07,128.3780588331,96.6853731695,141.0626420453,111.7095218726,132.7630961078,114.6115790535,105.5885825422,114.5088053800,107.5491185592,108.6732077303,132.1034576335,124.8356706448,115.9433726228,137.7999591765,135.1250599309,138.9702182614,135.8260671665,141.4844776285,123.9698909759,122.6782311055
2025-11-10,127.3432928126,95.7071156470,139.2131013304,110.4154395325,131.0746983626,113.6532237370,104.5947402701,113.9559133632,107.1407895290,108.0147228273,131.9593291920,123.3397338299,115.3281687126,137.9745627222,132.8963728222,137.3338014316,134.4425406669,138.2946311204,123.0669669609,120.0800909519
2025-11-11,126.2516922591,95.8511653269,138.7782648654,109.8998193618,130.2368034465,113.1688471153,103.7828880712,113.3126974635,106.9534033317,108.3604478077,130.8853517696,122.9620951151,115.0051955944,137.2793431685,131.2981053611,134.8418011445,134.6663191177,137.2561158812,122.3525750620,117.7720790716
2025-11-12,126.4588637290,94.7323203982,136.7405770195,110.2241600784,128.9606886639,112.1119230084,103.4016105453,112.4933022885,105.9332625545,108.1854237193,129.3115229844,121.9738386808,114.4619808825,136.8557392203,130.5411924347,132.7503758614,132.9493475167,135.4718493151,120.5484240720,115.9486550536
2025-11-13,126.8464905320,95.2090548909,136.5849327438,110.5657296209,127.9175928825,112.6812345600,103.8505079710,112.5691774358,106.7242340950,108.8076538789,130.3534886009,123.2350396790,114.9497200053,137.7574486104,131.3361141780,132.6477116175,134.3293137645,138.0705757561,120.7940723125,115.8156287828
2025-11-14,127.1773044208,94.7304225567,136.2386485009,110.2906672228,127.5720730997,113.2258090362,104.3379932239,111.5767351299,107.4815449418,108.5782361096,129.7056449356,123.1500325730,114.5916444243,137.3333532040,129.7922019476,133.0057702993,135.1110727623,139.3047248792,120.4067351210,115.6837377888
2025-11-17,127.6747774427,95.2165746410,136.2980474386,109.8823561633,127.7948872965,113.6338999557,104.9801483395,111.9998304771,108.3805208023,110.5126531430,129.8242581578,124.6573478785,115.9602944672,137.8208455887,130.2560218894,134.8793357086,136.0337550658,139.7911236083,120.9225054924,116.7051514186
2025-11-18,125.9905853923,95.2619178959,136.7260750956,110.6558715097,128.4108094410,112.8507441832,104.7078510602,111.3161172010,107.5412571413,110.1932610906,129.9294567715,123.4699776287,115.9272371497,138.1050280666,130.3366555394,134.2749837030,137.0519782712,139.0022623422,120.8544321477,116.8467297606
2025-11-19,126.9331819661,96.0300144990,136.9059910856,109.8289023995,128.6555890510,112.5292067128,105.7432970063,111.0461646745,107.8659947521,111.0745485406,130.3403881081,125.0245369798,116.0910247321,138.2169267570,131.7577898285,135.2609756822,137.9549516318,139.7702132128,121.6057132326,117.2769617452
2025-11-20,126.3479359646,96.3993683830,137.4652830846,110.0104471858,128.2552453058,112.5452995681,105.4191124924,112.0216826322,106.9058637229,110.4669186174,130.8892612822,124.7176609679,116.4901525320,138.3737659007,132.0914678812,134.0825723431,137.4236260697,140.4817626776,121.6700171788,117.3631128045
2025-11-21,126.5452088479,96.9947244544,140.3663951096,110.7273446981,129.6400878512,113.8965657254,106.2124990291,113.0530286655,107.6532823398,111.7203114214,131.3271082766,125.2673702485,117.4016790917,139.1500154829,133.0095517313,135.0278801765,136.7017403758,140.9617103091,122.2941277767,117.9198922063
2025-11-24,126.7422997185,96.6312526902,139.8528521732,111.6375348645,130.1305761307,113.8671403862,105.6634436538,113.0644589648,108.0880118348,110.8831722355,131.7320516301,126.5021473677,116.0715388323,139.1097203603,132.5420096061,133.5005751055,136.5847280619,141.4366246169,121.2925028757,119.0133035578
2025-11-25,127.0005454294,96.4024342529,140.0082918164,112.8734736970,129.7660831349,113.2755297111,106.2785196546,114.1053475920,108.6923200869,110.2328478247,130.5602322636,125.7282351147,118.3676852863,139.7187946454,133.1967749748,133.6655519419,136.3301149466,142.2408513437,122.3621973321,118.9537995268
2025-11-26,126.4055314626,96.2374674779,138.5028144836,112.3563826687,128.5418753768,113.1400829215,106.4173091515,113.5147942922,108.6336420231,109.4794108603,129.6298769418,126.2286252289,116.4858587944,138.8593633951,133.2457980216,132.2822658585,135.3316888929,141.7780946911,122.0987033775,119.3201514586
2025-11-27,126.6482355251,96.0356542179,140.3251985317,110.7633439301,129.1672647982,112.9923194297,106.9349468030,113.5367720207,109.0693762160,110.0041002862,128.6204250865,127.2192091037,117.3688844439,139.0821258548,133.2385030664,133.7193038209,135.2354876690,143.0943120430,121.4434603452,119.0416954651
2025-11-28,125.2696582818,95.8933097300,139.9697766869,110.4882849450,128.9140664383,113.0171423363,105.4309364936,112.7597272453,107.0666244704,109.3909465344,127.4916821489,126.7511968676,117.0242053434,137.2310706046,133.1997500710,132.6889354149,134.9277359288,141.3390307817,121.0064275351,117.6903405402
2025-12-01,125.3519667594,97.1247616688,139.2496425366,111.0943608672,130.5318760328,113.9819612110,107.3308609074,113.8352954110,107.5744868496,110.0442536961,128.7942273820,127.7236747979,118.1746542796,139.5355015133,134.1143847494,134.4073369682,137.3809337007,142.3877294040,123.4057083220,118.8311144991
2025-12-02,124.9872791712,96.9330820508,138.4538905880,109.3159113108,129.2913508368,111.8270847306,105.9096699866,112.4360857593,106.4195177464,109.3431966640,127.4471139259,125.8815866184,116.3576755760,137.6399933015,133.1899580202,133.3710221956,135.3259605339,140.1429212277,121.3858455636,115.7090080941
2025-12-03,124.9239497035,96.3445564812,140.5015477380,110.8000406555,129.9030392448,111.3185930769,106.9127186522,112.0427342542,106.7091639084,109.5515118140,126.8296680788,125.6439603726,117.6410323124,137.3236257750,133.3311349324,133.4971397349,135.5973562851,140.1191965080,122.6216123379,115.5318101222
2025-12-04,124.8992525182,96.5879392831,140.5699779611,111.5416865794,130.6997341803,111.7834318671,108.2897083668,112.2136590206,106.7436211573,109.5447260469,127.4745631248,125.7890967056,118.6306908363,138.5172245017,134.3244968199,133.8077094549,137.9778980363,140.8942763042,123.9031501845,116.3709162659
2025-12-05,123.5819538220,96.2466529672,141.1788174784,112.0040596903,131.0035558265,111.8281059669,109.1065554533,111.6443206103,107.5543110869,110.1336595885,128.0910267689,125.5446000528,119.8593319121,139.5794948038,133.3549167704,135.3089129065,138.4156028885,140.6679379758,125.0430240694,116.8248882722
2025-12-08,123.5847649890,95.7771648254,142.4732781335,112.0933312350,131.7486753386,112.0325193739,110.1791478150,111.5127678346,107.7361183129,110.2776276630,129.2445311734,125.0369362384,120.0486811033,140.6136643321,132.7817332758,134.7968246651,139.1637104743,141.0578135104,125.4697185080,117.6169791161
2025-12-09,122.3256539294,95.2849646740,140.6460558259,111.1864579416,131.5715425883,111.0163647692,109.7224155074,111.6242315562,106.9668124822,110.2838686585,126.8885214923,123.2862893852,118.4886374561,139.1299375862,131.4992130679,133.3429464348,137.3792547113,138.8589401893,123.8165799423,115.7539007018
2025-12-10,121.2748745396,94.9466061219,140.0906728161,111.4885270267,131.2369190077,109.2265088510,108.9976349685,111.7862815996,107.6865545372,109.3949830772,126.4517548579,123.3789211232,117.9655753205,137.8560301256,132.0891711880,132.2292936058,137.3873318309,139.0519717908,123.0525519433,115.1432469486
2025-12-11,120.3575709740,94.9385169871,138.7994321615,110.7336178686,130.2819207894,108.8370488129,108.4366843513,111.3816328591,106.8840008766,109.2517748713,125.4958330849,123.0700432746,116.7879428751,136.6603262573,131.2632810485,130.7308870950,134.9355336731,137.5118669975,120.3956147327,114.0344533373
2025-12-12,120.4310814949,95.0568978877,139.6401773231,110.5469924818,130.9329854256,110.1970764005,108.7778560708,112.0316437256,106.9047049272,109.7033490952,124.5645059035,123.6480017361,117.9561879973,137.2491928298,130.5699584412,130.3416726180,135.2999094767,137.8972558195,120.5808778570,113.1291833959
2025-12-15,120.0383043124,94.7302827486,138.6948175456,110.3686303820,130.9973688465,109.7893156222,108.9475459234,111.4930477624,105.8284279120,109.1238586979,123.2923098332,123.8702423160,118.5700025776,137.4540641021,130.5821138057,129.7200957748,134.2111968427,136.3421692410,118.0058002880,112.4439620948
2025-12-16,118.6598654922,93.5030908769,135.9965961427,110.2429172550,129.4386991323,108.5316652865,107.5618331509,109.9131214046,104.5056928117,107.4842647999,121.3687449222,121.8389103348,117.3494159771,134.8948444503,126.6075722952,126.3609854549,133.0749092274,133.6357553735,115.4544987389,108.9636924307
2025-12-17,117.7460942596,93.7285511999,135.8356067804,111.6656184174,129.8787929764,109.1851313676,107.6185360319,109.6850875189,105.5789480867,109.1245824559,122.3521720769,121.5604078264,117.1126355682,135.4581701040,127.1426632602,127.7416607564,133.5927178033,136.0477160204,115.9175352395,109.7037082524
2025-12-18,117.7008926766,93.9159250215,136.4660223306,112.0725113668,131.3565830521,110.5677759164,107.6897048188,110.8788911339,106.1218684014,109.6896440342,122.3219853646,121.9702187359,118.1128909785,136.3313701166,129.1598670554,128.2718793631,134.6884112816,136.6738086682,116.0101827817,110.0007909167
2025-12-19,117.9766772033,94.1498890957,136.4351488720,110.9133807176,130.7956197536,109.6041656531,106.7461189051,110.8405955407,105.4739146361,109.3787014001,121.6132272033,122.7025012005,117.4168274603,135.5252189698,128.3550716577,126.3573042876,132.6506848455,134.8650809099,113.8233206343,109.4415204947
2025-12-22,118.0829289054,94.1760516123,135.9119921502,110.6176452383,131.5657930240,108.6813029098,106.6446986646,111.0815607809,105.3929953324,109.0419552605,121.5264152738,123.5290051003,118.5023261107,136.3372141226,129.0481046562,125.8454420977,134.0927521335,135.7717495989,114.2183075106,108.3128407890
2025-12-23,117.8349995574,94.6705863759,136.7986641477,110.7855531117,131.1329186989,108.7319027506,106.1837896735,111.0971931410,106.1523248314,109.2633278598,121.6216377872,123.5727732832,118.7315345709,136.9782730357,130.1168871148,125.8433488796,134.2541820187,135.3278598609,114.2823710165,108.1449978178
2025-12-24,117.2087058095,94.0334480730,136.4523078314,109.9809779823,130.8874802699,107.8820708369,105.6978532500,110.2933634961,105.0671480752,108.8700066405,120.6704737136,122.6046145164,117.6642747469,136.3989110442,129.0797820147,124.9584406857,132.2784740418,134.6527910611,112.8713293665,106.0911314289
2025-12-25,117.1650325258,93.8011084695,136.4444794635,110.2370028849,131.1030383067,107.4634832630,105.3872663826,109.9918408961,104.9678104113,108.1971217592,120.4189760832,121.5318424664,117.9900945761,137.0220393038,128.9446859606,126.3652649253,132.5966641558,133.7074532719,112.3609972476,104.9842486631
2025-12-26,117.4613152251,93.4509010472,135.5468026667,108.9362260484,130.2888430260,107.5651663565,104.7801802418,110.1023911993,104.2871025491,108.4884194977,120.3950813818,119.0353588770,116.6368798438,135.8101538331,128.1217257087,126.4809887520,133.0626933544,133.5307147568,111.6452473546,104.4665152330
2025-12-29,117.5602851216,92.6459994105,135.7282835555,109.2807389721,129.7227569346,107.5557384243,104.4876893688,110.5858079579,103.6323482854,107.5543384397,120.3595929019,118.9091410284,116.3031874066,134.8618766493,125.9409310597,125.4310493262,132.8745663864,133.5646750292,110.6249560430,103.6478166064
2025-12-30,117.6499336151,92.2622097883,136.5420895952,109.8105325697,130.5296607489,107.6849552342,104.7349668631,111.1102039848,104.5101079567,107.8063864311,121.0813664695,119.3950964960,117.1947383320,136.2109557878,127.1585322771,125.7597713422,133.2998492401,134.1172778494,110.8570709121,104.9206389832
2025-12-31,118.2704235955,91.8197968690,136.1083764477,109.5244034417,130.6649806141,107.7295657126,104.9333173141,110.8777337498,103.3250204639,106.7988686387,122.0668344125,118.1876269146,116.3121861331,136.6062170419,127.2477985863,126.4036495889,134.0038687824,134.1983170901,110.9313184630,105.0092511138
2026-01-01,118.1030573610,92.5859335952,136.4731065530,109.4159081793,129.9601075491,107.2873069537,105.0638724515,110.8678811718,103.3104223451,106.2456785525,120.8241915747,118.8508149703,116.7627444683,135.4343200699,127.3510326053,125.1499647266,132.3955050692,134.0839329015,111.5531345531,104.4559079751
2026-01-02,118.3942511006,92.8222943134,137.8928017003,110.3801428596,131.3452959768,107.0243256653,106.2270236607,111.7698975398,103.9012684306,106.3189297992,121.3734897198,120.3799375956,118.7609530359,136.8468404573,126.3865923296,126.7594400268,133.8792672031,135.7616199256,112.5342219601,104.7522172130
2026-01-05,118.1835147027,92.0184365178,137.1867069224,109.9274816267,131.0902637913,106.4052030193,105.5970684111,110.8901895177,103.2612731494,105.3727296207,119.9607152754,119.4345812041,117.3497384967,136.0200153749,125.1011480671,125.1155464756,133.0477261441,134.5240671462,111.1872625331,103.4790329087
2026-01-06,119.8638378333,92.6522904468,138.5838700103,111.5284869385,132.1276733081,106.7552413859,106.5807616559,111.0291242446,104.9294105584,106.0034355246,121.6185387948,120.6946541242,119.1134207092,138.4750471180,127.6429254822,126.5971614802,135.3078505545,134.9529155674,113.1496641698,105.3643687627
2026-01-07,120.9153635368,92.9689854983,138.7025669691,112.9165121348,132.1756396354,107.8801980475,107.4566064015,112.1660231263,106.4335027369,107.1569207926,123.1111591913,121.1771858899,121.1451453351,139.2222348388,128.5342849694,127.5772919109,137.3448345167,136.5576762171,115.5358116806,106.4983505349
2026-01-08,120.6390426449,92.8915927245,139.6918657510,113.1877582025,132.5618760176,107.4256469890,107.1816365298,112.2747438545,106.0252425263,106.5595989969,124.1577312611,121.7906676588,121.9506050380,139.9196284523,130.0808857638,127.8780956650,138.0280325341,136.4311371642,116.2926030509,107.2216000003
2026-01-09,122.2210646123,93.3525974603,140.9812032392,113.8328698074,133.4164627937,107.6373348180,107.8480491555,112.7619224964,107.0632104305,107.7586093471,124.6036933458,123.4428657667,123.3748217204,140.6608153461,130.4028008027,129.0232720385,139.5356707087,136.9681424173,117.5411065536,108.4433498759
2026-01-12,120.8717705578,92.9449352632,140.1971622871,112.8841554582,132.0128154933,107.0533934807,107.3437588316,112.6775726578,106.7376274764,108.5857392315,124.1593077754,121.7286780718,122.3333674483,140.0228497065,129.0887064539,126.2312304487,139.3404485656,136.2366000590,117.3142979286,107.4786330186
2026-01-13,121.4197472282,93.7644572881,140.6454753941,113.4901153456,130.8240769813,106.9657224037,107.9136669590,114.6268050349,107.4302137777,108.4992253997,124.4596429544,122.2578743378,123.1673435795,140.7652647898,130.7298967203,126.3444419090,140.3140128944,138.2336385144,117.7339702793,108.5910018694
2026-01-14,121.6970562284,93.1843763356,139.2315457243,113.1212676474,130.9289002079,107.0392775634,107.6664048412,115.7789353785,107.3430812527,108.2362802003,124.8020006677,120.9253459259,123.4919850948,140.5302579620,128.5919305437,125.7281371818,139.5371004422,137.2295052326,117.2057528071,109.2840378423
2026-01-15,121.5860800348,93.4407490092,139.5366498838,113.5848325353,131.7628096232,106.5949406955,107.6633014626,115.7117335797,107.3447051852,108.6393994739,125.3835521885,120.9177575879,123.9541948661,139.5783008898,128.2137726927,126.3411949624,139.1193682656,137.5330234638,116.7725957021,109.6042228511
2026-01-16,121.8249585043,93.5834550694,139.5907143301,114.0989874584,132.4944445610,105.9056361935,107.8127354056,115.5003357777,107.1954100033,107.9210746985,125.9019970890,121.5753362563,123.4570297107,139.5974567016,128.2238598885,126.4870864479,140.2147682129,137.6465254504,116.4586692299,109.5556772107
2026-01-19,121.9165331865,94.1364419933,141.1988802821,114.1056217266,133.2736542594,106.9143741932,108.4413290617,116.6623957469,107.7616272221,108.3311027400,125.7888930904,122.2006682341,124.4951462698,141.2333268695,130.9113694333,128.8068598654,141.4445446435,139.3694031759,118.5949921521,111.0209840306
2026-01-20,122.5883324887,94.1226848556,141.8273568643,114.7764549659,133.6648288314,107.2514765652,107.8802339594,118.5118257473,108.8486820075,109.6617689708,127.2231470500,123.3049827700,126.1431003221,142.2490307680,132.0217290058,130.1252497477,143.6865551063,142.2391361955,119.9725022851,112.9331776388
2026-01-21,121.5429713673,94.1854046158,141.5756801848,114.7223780388,131.9213317851,107.1595722164,107.6939036353,116.3232875060,108.8115680910,109.0347878838,126.6698947399,123.1569146883,124.4972563213,142.3365852387,131.6161120740,130.5446628453,142.9564339107,140.2192485286,119.5658686479,113.1427320678
2026-01-22,121.1761784388,93.5682617122,141.9742701021,114.6569987875,131.1327570541,106.9577150243,107.1832822523,116.1519418466,107.3871882174,108.2733068535,125.3715660162,122.6092091168,123.7501147795,140.8874907534,130.5544742801,129.2206497704,141.8671106286,139.1626187812,118.3144878492,112.9604206275
2026-01-23,121.3549331501,94.6277192038,143.1032939355,113.9331900576,131.4094100718,106.4547592556,107.2108313104,117.4625517158,108.2215648687,108.7659035359,126.3122372122,123.5152283096,125.2338786730,141.8057850777,131.8631986169,129.9293476876,141.4871864150,140.0188645345,119.6768962765,113.3093479686
2026-01-26,122.1877091914,95.8248226138,143.9241787845,116.3142738198,131.1216007273,106.4908068405,107.5189192659,118.2521003912,108.5230814034,109.1062608323,126.8069851921,124.8101653175,125.8784768034,144.0176515457,132.9264145703,131.4022859580,142.8627719454,141.9469475593,120.4261287312,114.5230223384
2026-01-27,123.2998710047,95.8714133936,144.8004732607,116.6875067022,131.0491540349,106.2404358892,107.7152413826,117.9019615108,108.3698469967,109.6213537813,126.4525544697,126.1155775700,125.6987189748,144.3768977812,133.0137460698,130.7836011943,143.1178305586,140.8774639219,120.7254130713,114.9551366746
2026-01-28,123.6826193102,94.9570633633,142.7849352384,116.0615590691,130.1122631231,105.6897642380,107.3375085150,116.1963216397,107.5876596566,109.1593929040,125.9368929063,124.6221012726,125.0749655521,142.1774239694,132.2566092029,130.6021340460,142.3585679437,139.2654338503,118.7562386980,113.7829022675
2026-01-29,124.0019752364,94.6164795860,141.6701860102,116.0223899908,130.2545400286,105.8847968405,106.1450217239,115.6409339884,107.1109102473,108.7495310585,125.0526905385,124.6955008180,124.1353495388,141.3743043091,132.6143649620,130.0914697841,142.1040811983,137.9377056089,118.5541376716,112.5152651130
2026-01-30,123.7813384937,94.0272741851,140.7727512491,115.9313032111,128.7598194317,105.6812266944,105.5925619471,114.6955338663,106.9492693914,107.9393838080,122.9990252753,123.8055031172,123.6007072892,140.4501192878,132.6896993952,130.0437306492,140.0406830271,136.4254430889,118.7535862354,111.5097509713
2026-02-02,124.1298563558,93.7419709818,140.4289767840,115.9859930494,128.2312301178,105.0022471732,105.3156649566,114.2216969896,106.3356639349,106.8630375694,122.5881549152,123.2782732633,123.2029102942,139.6934932189,131.8410163382,128.2843067174,139.1515725882,135.7357869852,118.4512046961,111.3181101687
2026-02-03,123.9817352675,93.5929909328,140.6487305200,115.6864297737,128.1584209689,105.1358559304,105.7166720676,114.8295961755,108.2030270250,107.7239158353,124.0084178437,123.3272825093,124.0387823629,139.7786211793,131.5288807069,127.7001864323,139.1931411247,136.1116657232,119.0407448462,111.2826589851
2026-02-04,123.3225759302,93.3169989987,139.8189964668,114.8048589764,127.1422555882,105.0953871253,105.5720898185,113.9690659348,106.9389640968,107.5822579356,122.5583015970,122.9025953032,123.5127166902,138.9286991597,130.8867579897,126.3281331139,138.2633922857,134.1119560535,118.4348971928,110.3448293359
2026-02-05,123.7995750360,93.9252105458,140.3840156435,114.6860918646,126.9851503732,106.2662600125,105.7628672729,114.0743031143,108.2746237014,107.9103289454,122.7510391640,123.7613980811,123.6863131989,140.0534463996,131.9807546895,126.5097368620,140.2469144220,134.7458228994,120.6518501562,111.5318359441
2026-02-06,124.4237783652,94.3660139216,140.6408384672,114.6573380932,127.3486779629,106.1277056732,105.7766761720,114.1245024052,108.7639344234,108.2839893853,122.5236918034,124.7688805955,124.5862860759,140.0532448989,131.5266548684,127.3149142262,140.5199786978,135.4051022152,121.0659474206,111.9774304802
2026-02-09,124.0858478882,93.8496452579,139.9183526914,113.8207195817,126.4846792619,105.8217517535,105.3060456484,113.9238901626,108.4085743363,106.9711711179,122.2070245251,124.1571175027,124.1123076203,138.9800156882,130.2646844236,126.4855888335,139.2993956956,135.7769701582,120.2698051093,110.3971088025
2026-02-10,124.9656322182,93.8245575597,140.8463013598,112.7851121956,126.0508328204,105.6201427911,105.2780679759,113.8525846066,108.5891585824,106.9293685460,121.1952867731,123.2103950735,123.5848904493,139.7044585674,129.8164470926,125.5199025720,139.1252523885,136.3702886649,120.6750994931,110.9092254421
2026-02-11,123.9784441853,93.5790142111,139.7160331919,111.0273531945,124.9445853463,104.8656480108,104.2796180451,112.6978416794,107.3921715885,105.2002287494,119.3439825529,121.9508662703,121.5641548779,137.6574074539,128.2453725009,122.5303283087,137.9190820063,134.1627034380,119.8066259612,108.5475224526
2026-02-12,124.1999406533,93.3282243906,139.1277708395,110.3271986239,125.4116579382,104.6704336585,104.3102085409,112.0864438284,107.4537394641,105.4105663778,118.0507675070,121.4341848698,121.5570524076,136.5653761506,127.4041334176,121.6543613386,138.1331531269,134.6676527931,119.3932800656,107.5596742086
2026-02-13,123.5716990214,93.3118344568,138.6902643047,109.8557359009,124.7358288384,103.6524460668,104.8301978635,110.9359048116,106.5033519413,105.3732950330,117.3436777838,120.5282229271,120.9864054316,134.7767777575,126.7422206605,120.9997357464,136.2295884722,132.9600750343,117.7312980075,106.4587057428
2026-02-16,124.3530772550,94.3917431417,139.3044314493,110.0781353268,125.7319886502,104.3362798869,104.9572467162,111.8854001320,107.7745186502,105.8749405829,118.3081332868,122.2585095764,122.1903857900,137.1824336295,127.1666579709,122.2819960663,137.7799511080,135.0647892522,118.5371442708,107.9197590982
2026-02-17,124.9394315964,95.3882421707,138.4108302845,109.5104083345,125.4740695699,104.1218210623,105.0789355807,110.9447786366,107.1393758970,105.6175254976,117.9941686353,120.7055666995,122.2766341250,136.5902828448,127.7774586795,123.1117210550,138.3198843899,134.5237729384,118.6779802990,107.1054606877
2026-02-18,124.2943925124,95.9119382286,139.3093190093,109.1582503150,125.1315449597,103.8622100464,105.4878047936,111.7187261177,107.5903135963,107.1536269377,118.2497792778,121.6428797597,122.6314321786,136.6028271459,128.7021911573,122.7201142699,139.0171828851,135.1860396304,119.5241668947,107.6746538642
2026-02-19,125.3332437252,95.9867138637,140.8122294332,109.6428164094,125.5711652144,104.8312229916,106.4555550926,111.6037427675,108.5161667666,108.1859322405,119.8437047169,122.6876667576,123.8404642731,137.2893908302,129.8141994301,123.9747123894,140.6083303722,136.4731257687,121.0916166048,108.6112025677
2026-02-20,125.2637733173,96.2936962661,142.5797847859,109.9774483020,125.7485022871,104.0832691657,106.9602696593,110.5897131132,108.2602845886,107.6019096068,120.1079991967,123.8403143206,123.7531594502,136.4080989331,130.3428567784,124.3708366389,140.8319571313,135.7038298104,121.8560829671,108.4103904417
2026-02-23,125.3636051571,96.9620211621,143.4396214616,109.6840009080,125.1290101044,104.5827858275,106.7173508172,110.5930784891,108.5566717512,107.7886542233,120.0423643420,123.9362151775,123.8463250651,135.8546483053,131.0737993012,123.6943882263,141.7241132432,136.2112490589,121.9793422340,108.8396251602
2026-02-24,125.7270930782,96.9308773782,143.6477282283,111.2592632045,124.5945664181,105.0652507470,107.0871706133,111.1251903799,108.4989779423,108.2090238129,121.2716364894,124.7104801646,123.6166090101,136.3375489904,131.3672602962,124.7335176837,141.1057562189,135.6977678819,123.4629330113,109.0063379901
2026-02-25,126.6140746133,97.7103979136,146.0623496629,111.0775960041,126.2074626924,105.9086156941,107.5555030338,111.1421601336,109.4574905855,108.8685608687,122.4069844557,125.0044380803,124.4106508355,137.5510790530,132.9490403067,125.6602332734,143.9185516517,136.5143804899,123.8681026704,110.2493252464
2026-02-26,127.2083118199,96.6689028582,146.3855592129,110.6617604568,125.8401430908,105.1227801372,106.9278955883,111.5173253005,107.8970229264,108.1949370801,121.6873862347,125.5275416181,124.1470911079,137.1759191448,132.4907734625,125.3544907872,143.1191034484,135.6383445376,121.4575719012,109.4326128343
2026-02-27,128.6114036400,96.3355790540,146.3902543013,111.0974950444,125.0090921891,105.7908310128,107.8732781402,112.4643872108,108.7435231948,108.3445533866,122.8063540426,125.1420657982,123.8772727191,139.1829816722,132.4434207175,125.7189620402,144.6944597884,136.3313339994,121.3294985781,110.6776688216
2026-03-02,128.2380654532,97.5019755447,146.9414912874,112.1601323549,126.4882149174,105.8505470129,108.3540947424,112.9634787708,109.2798484546,109.2823800413,122.7808474320,126.1245114391,124.7853796217,138.8341088073,133.7240116904,126.5981669712,145.3772451465,136.9253000280,122.7204206423,112.0156763498
2026-03-03,127.6691054648,97.0788096470,146.4265555281,111.6922579850,126.6439362870,106.1255637887,107.8379225029,112.4661510239,108.5859845481,107.5754994872,123.2182207377,124.7916522621,124.2797706382,137.0372187693,131.8228580388,125.4548945913,143.8444078473,134.7271412706,121.9375497788,110.6827811571
2026-03-04,128.6137287077,97.1618426748,146.5109731956,112.2352477862,126.4293184018,106.5232078083,107.1016702780,112.1663047950,108.6196992516,107.5784573871,123.9398733505,125.0720173178,124.4304502616,136.6956824627,131.4405890993,124.9105509827,144.0899012965,134.7282570355,121.4920043524,111.9952501378
2026-03-05,128.7631064571,96.7449294934,146.6356756515,113.7701620741,126.6069449001,106.6765229092,107.2148689156,112.1665420588,108.4675201067,108.0616685079,124.7107808245,125.4073404645,124.8438466894,136.2270641350,130.3947495158,124.8992702839,143.5658313041,134.8719699346,121.3255549935,111.9665782225
2026-03-06,128.0815817916,96.1939279379,146.7778389070,113.8702066100,126.9247273026,106.6229528313,107.5639502917,111.5946351976,108.1319361497,108.1456867289,124.9271787871,125.5219231594,124.9854326740,137.2361656613,130.5961059098,124.2639875029,143.8673836998,133.8128545503,120.5807436014,112.4706233886
2026-03-09,129.3087638303,96.6242617188,149.4079962264,115.2080469803,128.2594283537,107.4706963657,108.8684654837,111.8519780782,108.8903459908,108.7897013533,126.7842310981,127.6557167572,125.3116544456,138.8223876272,133.4058673368,126.2500018961,146.0460661091,136.0863528702,121.4322145196,114.0451967039
2026-03-10,128.0257120664,96.0216138466,148.5960826854,114.8713425227,127.6802724794,106.8099508510,107.8313273466,112.1783992697,108.4594361210,107.5982821447,125.5575538154,127.2472474576,123.3770839373,136.7718029894,133.2486878854,124.5706951009,143.9026336623,135.3725976054,120.6945709148,111.6034123024
2026-03-11,128.5896030049,97.1861058042,150.9004929200,116.2722876545,130.1794861122,108.0409676886,108.9446281353,112.7712548473,110.1659385175,110.7637607987,127.3603625664,128.9693849000,125.6600129306,138.8585957087,135.5130878386,125.9002874547,147.2556095068,137.7174259705,122.4280433047,113.5143711800
2026-03-12,129.2517196607,96.8741223297,150.8275654447,116.0210064256,129.9222580315,107.9028012367,109.0023210671,111.9933150182,109.7305076417,110.6828450494,126.6724326385,127.1250708980,125.1259729592,138.0153626082,135.7366827714,125.0393535545,147.5796015459,137.3674361109,122.2914073950,113.9057635589
2026-03-13,128.4681295351,96.5848838528,150.9112638724,115.0081181112,128.8876387849,108.0253381896,107.9510425565,112.6004506004,109.4613062144,110.6897800685,126.8130722625,127.6236823862,124.7738803732,138.5445505225,134.8135075246,124.2367890875,147.5255432027,137.8391623933,122.0653706662,113.8020564673
2026-03-16,129.5172169456,97.0356547937,152.0111825978,115.1739424697,130.2618393726,110.3472126759,109.4577385144,113.6486914878,110.4047526142,111.9709761491,128.7740866366,129.8614598208,125.4539087352,139.0855260422,138.1851367110,126.2635474104,149.6471718644,139.8365910612,123.5961934376,115.6151488279
2026-03-17,130.2583469235,97.8825566265,153.5295897826,116.5375874663,131.3981236510,110.7393456164,111.2421321649,114.6625388931,112.0315281920,113.2272815862,129.0239725623,131.0602182078,126.9773947747,141.3534683852,140.6627250167,127.9424928795,151.6908677055,141.4542502416,125.1017402412,117.2906335335
2026-03-18,131.1669712279,98.5172000145,155.3418074594,117.5246278033,132.2048279652,110.8260916261,111.5671199677,115.2679448273,112.2594308114,115.2133393315,130.0725734219,133.1482840551,128.4669494803,143.4987504914,141.7852815092,129.5040760906,153.7013591549,143.9978234675,127.1441481185,118.8914346084
2026-03-19,130.0513642810,98.1357655930,155.0578317545,115.7492711660,131.7600987287,109.3620314785,110.4907724022,113.3888965055,111.0558468274,113.7710736253,128.7456246801,132.2364766177,127.2598947723,141.0854310450,139.8213770988,127.3742759602,150.7705478004,142.5081156295,124.4023065708,117.3616203142
2026-03-20,129.0572176805,97.7157956196,153.9115892160,116.0214930888,130.8303099080,109.4227832501,109.6382732882,113.6414209698,109.9325645270,113.3284088712,128.1865732659,133.2831427758,126.5937525227,139.5975822488,139.2471958333,125.9113337248,149.7336579614,141.6008296630,122.6657377938,116.6492783978
2026-03-23,128.5192017889,98.4565651610,152.6290656428,116.9925020730,132.8177065525,109.9951701038,110.1109354663,113.6666499669,109.9064656413,112.0708727418,128.1481007055,134.2076088672,127.7378154685,138.9931349073,139.2898088221,126.0766615855,149.0519960857,141.2910133993,121.9969822058,116.3311159195
2026-03-24,129.9221591342,98.4666000181,152.1858320138,116.9971720339,131.8867933115,108.8014749367,109.0698003929,111.8486013859,108.8011219473,111.2674915528,126.6743488881,132.7559843290,125.9595788798,138.0482369625,138.0811592610,125.2188908237,147.6524738540,138.5937947810,120.4806657694,114.2555244239
2026-03-25,129.9247080920,98.0259387733,151.7855873724,116.6912539952,132.1574028608,109.3344075869,109.1076419690,112.2415440990,108.1404007039,111.1503424170,126.7538460715,133.1578732927,125.7813077960,137.6274129086,138.1329696639,124.8264819955,150.0902500827,139.4217640103,121.1556127868,114.4700402836
2026-03-26,130.6351990958,98.6712707443,153.5570117512,116.9698844629,132.7487346098,109.9631200479,110.1916148233,112.9938816321,108.7262238675,111.3562516838,128.3411915229,133.0070608545,126.2635185958,138.6494722275,140.3452678902,125.9863608020,151.3963969305,139.9376633951,123.7327687320,115.6270013426
2026-03-27,131.3234635991,98.7756348264,152.4975400405,116.6058750201,132.2968294411,108.9337163287,109.8186181865,111.3552692761,107.7848348423,110.9345013974,127.9215152500,131.9860614228,125.8814872736,136.6028144572,140.1991129172,125.8906416859,150.4128026514,138.9883038193,122.2824156271,114.0469642257
2026-03-30,132.8509109950,98.6294900810,153.2661978241,117.5077915704,133.0264306532,108.6074741228,110.9293066766,112.7462303236,107.2223632059,112.4107238875,128.4110846162,132.4660255664,125.8288761476,138.1961899574,141.0240444137,127.7949079981,151.5812297065,139.6319314734,122.3251771940,115.9287917999
2026-03-31,133.6869951124,99.0686013758,153.1572130396,118.3816803548,133.7991704782,108.7836229325,110.9225569230,113.5903284050,107.7184419552,112.9507059252,130.3476003228,131.5808203516,126.1764257477,139.1318590887,142.4610110957,128.3457786880,152.4811280410,140.6684680924,122.8918514283,116.3870544737
2026-04-01,133.0434140329,98.5074150503,152.2134346523,118.2710657317,133.8659951929,108.4801537146,109.3554179425,112.3808863194,106.8015747463,112.2040774248,130.3896378705,131.4182238969,125.2671145009,138.0889565404,142.2088284257,127.2776810878,150.4491314806,138.6195006449,120.8318172792,114.9626952680
2026-04-02,131.7587907383,98.3290447650,152.5417601807,118.8543541647,133.8092503110,108.2359273050,109.4745990346,112.4975036766,107.5250969070,111.8399933944,129.5761661971,131.0987449682,124.3635298180,136.7088136099,140.7471605033,125.8711852513,149.4616326026,137.5317843254,120.5989659923,116.0710551871
2026-04-03,131.5961055654,98.7213635794,152.1865665928,120.4825437423,133.9830744008,108.7502175298,110.4966394529,112.4481386452,109.1155416977,111.4979935596,130.2039830882,132.3814205850,125.9749784932,137.6796371281,142.0421920092,127.5009383727,149.8289849976,138.3672415769,122.8425879705,116.4908545515
2026-04-06,130.7802678378,99.4192196583,153.7305812469,121.9029838736,135.3403694247,109.2482242140,111.4880707647,113.6284017330,108.9064144263,111.5330958469,130.2916716722,133.5461638817,127.2784230559,137.3662037758,142.9032689872,128.8370939498,151.2627949136,139.5479545895,123.3548488369,117.4027623892
2026-04-07,130.8737638022,99.6047110143,153.5570940572,122.5922168514,136.9823972485,109.4937362016,112.4842374208,114.9336345773,109.5925112050,111.5472426341,131.4577368196,134.3565642117,127.8759698582,137.6237992677,142.3908910444,129.1288019180,154.1516083647,140.7312074393,124.3390634862,118.6358476885
2026-04-08,130.1516412233,101.2246966630,153.9384768261,122.8624639763,138.1114323434,109.3476477217,112.3629162714,115.3897513960,109.9547713582,112.0589101259,131.4274066804,134.5010551389,126.6132745686,137.7832109029,141.1055016363,128.7909933225,155.8819195476,140.7805386808,124.3954875293,119.3219565570
2026-04-09,130.6305913416,101.6375924881,154.8396620244,124.6504663114,138.3723610276,110.5446748634,113.2015716487,115.2389763385,111.4611393398,112.7793851065,131.8340522828,136.2941190937,127.2300336299,139.6423016559,142.3798697245,131.0998516425,158.3105423661,141.8081005559,125.7104855474,120.4770697778
2026-04-10,129.9172553431,101.1235029314,154.7916204453,123.4157584342,138.0168650453,111.6828379026,112.8587665240,115.5477538579,110.8044735150,111.1974314164,131.7997791357,136.7022682977,127.5827041542,140.6852706475,141.8917321595,131.2258230701,157.3469755194,141.8085877537,125.7506733755,121.9525509417
2026-04-13,130.2986865244,101.1932485729,155.4294637995,124.2929655931,138.4799735375,111.7907292261,112.9245127831,115.3419399588,109.7896788935,110.5380919268,132.5180999712,137.1007679248,127.5138376709,141.6120892713,142.4324638639,132.1630537920,158.5650296917,141.6866130594,125.9511420800,122.2480909260
2026-04-14,130.9745529460,100.2034017042,154.3429177808,123.9303050353,138.0541569415,112.3336075533,111.9013655401,115.5525443991,108.6661530923,109.9244167101,133.0346275118,134.9606435762,127.5768219638,141.2328588949,141.8656549027,131.1386111906,157.5808333375,141.4306470514,125.7990757209,121.2035151257
2026-04-15,131.6796859596,100.3554654485,152.8171636535,122.9334831645,137.4105648006,111.8159863277,111.1931634530,114.7314098263,107.3760324766,108.5332209689,131.8726198047,132.7590273225,125.7528805941,140.7545709316,139.8262946764,130.4441121207,154.2270663062,139.5985182810,123.8834991541,118.8004009478
2026-04-16,131.5214229952,99.7635519249,153.1957631844,122.6569585345,138.0282573163,111.7376240847,110.9101227037,114.2183491126,107.3892715702,107.8859170747,131.3598170471,132.0402187853,125.9575295280,140.0478728869,138.3923764336,129.2844421055,153.7599335620,138.3980731321,123.5271492892,118.1372325544
2026-04-17,132.0459635007,100.0708142357,152.7907549284,122.7955653799,137.5200425648,111.1753562702,111.3954164352,113.2118568734,107.8798283794,107.2896386666,131.7377734957,130.8712722311,125.5401135875,138.1671642798,137.7079663881,128.9551572520,152.2721736854,137.2256909027,121.9494946562,116.5590605334
2026-04-20,132.8140000914,100.6784326110,152.8460594058,121.6101386944,136.8116749504,110.4296259319,111.1552991707,112.3757974322,106.5621920583,106.8735069692,131.3025395607,130.2811191283,124.2704388456,138.2753133143,136.4713909372,127.1318856653,151.1451931613,135.9999692273,122.2389041882,116.0097487565
